區,日,時,死,受傷,天候,光線,道路類別,速限
西區,1,1,0,1,8,3,5,50
沙鹿區,1,7,0,1,8,1,5,40
北區,1,7,0,1,8,1,5,30
大甲區,1,8,0,1,8,1,5,50
潭子區,1,8,0,1,8,1,5,50
大肚區,1,8,0,1,8,1,5,50
石岡區,1,8,0,0,8,1,5,40
西屯區,1,8,0,1,8,1,5,50
龍井區,1,8,0,1,8,1,5,30
豐原區,1,8,0,2,8,1,5,50
南屯區,1,8,0,1,8,1,5,50
西屯區,1,9,0,1,8,1,5,50
沙鹿區,1,9,0,2,8,1,5,50
東勢區,1,9,0,2,8,1,5,50
沙鹿區,1,9,0,1,8,1,5,40
和平區,1,9,0,0,8,1,2,40
南屯區,1,10,0,2,8,1,5,50
沙鹿區,1,10,0,2,8,1,5,50
北區,1,10,0,1,8,1,5,50
大雅區,1,10,0,1,8,1,5,50
清水區,1,10,0,2,8,1,5,50
清水區,1,10,0,1,8,1,5,60
后里區,1,10,0,2,8,1,5,50
西屯區,1,10,0,1,8,1,5,40
北屯區,1,10,0,2,8,1,5,30
北區,1,11,0,1,8,1,5,50
南屯區,1,11,0,1,8,1,5,30
大雅區,1,11,0,1,8,1,5,50
西區,1,11,0,3,8,1,5,50
南屯區,1,11,0,1,8,1,5,50
西區,1,11,0,1,8,1,5,50
大里區,1,11,0,1,8,1,5,50
東區,1,11,0,0,8,1,5,30
豐原區,1,11,0,1,8,1,5,50
南屯區,1,11,0,1,8,1,5,50
太平區,1,12,0,1,8,1,5,50
清水區,1,12,0,1,8,1,5,50
龍井區,1,12,0,1,8,1,5,30
潭子區,1,12,0,1,8,1,5,50
清水區,1,12,0,2,8,1,5,30
西屯區,1,12,0,1,8,1,5,50
西屯區,1,12,0,2,8,1,5,30
北屯區,1,12,0,1,8,1,5,50
大里區,1,13,0,1,8,1,5,50
西屯區,1,13,0,1,8,1,5,50
清水區,1,14,0,1,8,1,5,40
南屯區,1,14,0,1,8,1,5,40
南屯區,1,14,0,1,8,1,5,50
南屯區,1,14,0,1,8,1,5,50
龍井區,1,14,0,1,8,1,5,50
豐原區,1,15,0,1,8,1,5,50
西屯區,1,15,0,1,8,1,5,40
北屯區,1,15,0,1,8,1,5,50
石岡區,1,15,0,2,8,1,5,50
大里區,1,15,0,1,8,1,5,60
南區,1,15,0,1,8,1,5,50
中區,1,16,0,1,8,1,5,50
西屯區,1,16,0,2,8,1,5,50
西屯區,1,16,0,1,8,1,5,50
西屯區,1,16,0,2,8,1,5,50
西屯區,1,16,0,1,8,1,5,50
烏日區,1,16,0,1,8,1,5,50
北屯區,1,16,0,1,8,1,5,50
北區,1,16,0,1,8,1,5,50
西區,1,17,0,1,8,1,5,30
南屯區,1,17,0,1,8,1,5,50
大甲區,1,17,0,2,8,3,5,50
南屯區,1,17,0,1,8,1,5,50
北屯區,1,17,0,2,8,1,5,50
大里區,1,17,0,1,8,1,5,50
北屯區,1,17,0,1,8,1,5,50
北區,1,17,0,0,8,1,5,50
后里區,1,17,0,0,8,2,4,50
西屯區,1,18,0,1,8,3,5,40
烏日區,1,18,0,1,8,3,5,40
西屯區,1,18,0,1,8,3,5,50
西屯區,1,19,0,1,8,3,5,50
大甲區,1,19,0,1,8,3,5,40
烏日區,1,20,0,1,8,3,5,50
東區,1,20,0,2,8,3,5,50
霧峰區,1,20,0,1,8,3,5,70
南區,1,21,0,1,8,1,5,50
中區,1,21,0,2,8,3,5,30
太平區,1,21,0,1,8,1,5,50
西屯區,1,22,0,1,8,3,5,50
南屯區,1,22,0,1,7,3,5,50
烏日區,1,22,0,1,8,3,5,60
沙鹿區,1,23,0,1,8,3,5,50
神岡區,1,23,0,1,7,3,5,50
烏日區,1,23,0,1,8,1,5,50
大里區,2,5,1,1,8,3,5,50
梧棲區,2,6,1,0,8,1,5,50
豐原區,2,6,0,1,8,1,5,30
北屯區,2,6,0,1,8,2,5,50
西屯區,2,6,0,2,8,1,5,50
龍井區,2,6,0,1,7,1,5,30
南屯區,2,6,0,1,6,2,5,40
龍井區,2,6,0,1,8,1,5,30
清水區,2,7,0,0,7,1,5,30
北屯區,2,7,0,1,8,1,5,50
清水區,2,7,0,0,6,1,5,50
潭子區,2,7,0,2,8,1,5,50
龍井區,2,7,0,1,7,1,5,30
沙鹿區,2,7,0,2,8,2,5,30
南屯區,2,7,0,2,8,1,5,50
西屯區,2,7,0,1,8,1,5,50
太平區,2,7,0,2,8,1,5,40
南屯區,2,7,0,1,8,1,5,50
大里區,2,7,0,0,8,1,5,40
南區,2,7,0,1,8,1,5,40
大雅區,2,7,0,1,8,1,5,50
大安區,2,7,0,1,7,1,5,50
沙鹿區,2,7,0,2,7,1,5,50
西屯區,2,7,0,2,8,1,5,40
南屯區,2,7,0,1,8,1,5,50
南屯區,2,7,0,1,8,1,5,40
清水區,2,8,0,1,8,1,5,50
南區,2,8,0,1,8,1,5,50
豐原區,2,8,0,2,8,1,5,25
霧峰區,2,8,0,1,8,1,5,70
西屯區,2,8,0,1,8,1,5,40
北區,2,8,0,1,8,1,5,50
北屯區,2,8,0,2,8,1,5,50
大里區,2,9,0,0,8,1,5,60
烏日區,2,9,0,1,8,1,5,60
北區,2,9,0,2,8,1,5,50
西屯區,2,9,0,1,8,1,5,50
烏日區,2,9,0,1,8,1,5,50
南屯區,2,9,0,1,8,1,5,50
北區,2,9,0,1,8,1,5,50
南屯區,2,9,0,1,8,1,5,50
東區,2,10,0,2,8,1,5,30
潭子區,2,10,0,2,8,1,5,50
北屯區,2,10,1,3,8,1,5,50
潭子區,2,10,0,1,8,1,5,60
神岡區,2,10,0,1,8,1,5,50
西區,2,10,0,1,8,1,5,50
北屯區,2,10,0,1,8,1,5,50
西屯區,2,10,0,2,8,1,5,40
西區,2,11,0,1,8,1,5,50
北屯區,2,11,0,2,8,1,5,50
霧峰區,2,11,0,1,8,1,5,50
西區,2,11,0,2,8,1,5,50
西區,2,11,0,1,7,1,5,30
北區,2,11,0,2,8,1,5,50
西屯區,2,11,0,1,8,1,8,30
外埔區,2,11,0,1,8,1,5,50
北區,2,11,0,1,8,1,5,50
南屯區,2,11,0,1,8,1,5,40
北區,2,12,0,1,8,1,5,50
南屯區,2,12,0,1,8,1,5,50
大雅區,2,12,0,1,8,1,5,40
北區,2,12,0,1,8,1,5,50
西區,2,12,0,2,8,1,5,50
南區,2,12,0,1,8,1,5,50
南區,2,12,0,2,8,1,5,50
東區,2,13,0,2,8,1,5,50
清水區,2,13,0,0,8,1,5,50
烏日區,2,13,0,1,8,1,5,50
豐原區,2,13,0,1,8,1,5,40
大里區,2,13,0,1,8,1,5,50
神岡區,2,13,0,2,8,1,5,50
西區,2,14,0,1,8,1,5,50
豐原區,2,14,0,1,8,1,5,50
北區,2,14,0,0,8,1,5,50
西屯區,2,14,0,1,8,1,5,50
西屯區,2,14,0,2,8,1,5,50
大甲區,2,15,0,2,8,1,5,50
大里區,2,16,0,1,8,1,5,50
大肚區,2,16,0,2,8,1,5,50
梧棲區,2,16,0,1,8,1,5,50
西屯區,2,16,0,1,8,1,5,50
大甲區,2,16,0,1,7,1,5,50
西屯區,2,16,0,1,8,1,5,50
太平區,2,17,0,2,8,3,5,50
清水區,2,17,0,1,8,1,5,30
大肚區,2,17,0,1,8,1,5,50
烏日區,2,17,0,1,8,1,5,50
潭子區,2,17,0,3,8,2,5,50
西屯區,2,17,0,1,8,1,5,50
南屯區,2,17,0,1,8,1,5,50
西屯區,2,17,0,2,8,1,5,40
龍井區,2,17,0,3,8,1,5,40
北區,2,17,0,1,8,1,5,50
大里區,2,17,0,2,8,1,5,50
南屯區,2,17,0,1,8,3,5,50
沙鹿區,2,17,0,1,8,1,5,40
西屯區,2,17,0,2,8,2,5,50
西屯區,2,18,0,2,8,3,5,50
東勢區,2,18,0,1,8,3,5,60
大里區,2,18,0,2,8,3,5,50
大甲區,2,18,0,2,7,3,5,50
南屯區,2,18,0,1,8,3,5,50
南屯區,2,18,0,5,8,4,5,40
烏日區,2,18,0,1,8,3,5,40
西屯區,2,19,0,3,8,3,5,50
西屯區,2,19,0,2,8,3,5,50
太平區,2,19,0,1,8,3,5,50
大里區,2,19,0,1,8,3,5,50
北區,2,19,0,0,8,3,5,50
南區,2,19,0,1,7,3,5,40
太平區,2,19,0,2,8,3,5,50
西屯區,2,19,0,1,8,3,5,50
東區,2,20,0,1,7,3,5,50
后里區,2,20,0,0,8,3,5,50
南區,2,21,0,1,8,3,5,50
南屯區,2,21,0,1,8,3,5,50
西區,2,21,0,2,8,3,5,50
大里區,2,22,1,0,8,3,5,60
東區,2,22,0,1,8,3,5,50
沙鹿區,2,23,0,1,8,3,5,50
南區,2,23,0,1,8,3,5,50
西屯區,3,0,0,2,8,3,5,50
西屯區,3,1,0,1,8,3,5,50
北屯區,3,2,0,1,8,3,5,50
西區,3,3,0,2,8,3,5,50
大肚區,3,3,0,1,8,3,5,50
霧峰區,3,5,0,2,8,3,5,40
西區,3,5,0,1,8,1,5,50
烏日區,3,6,0,1,8,1,5,70
西屯區,3,7,0,2,8,1,5,50
龍井區,3,7,0,1,8,1,5,50
大雅區,3,7,0,3,8,1,5,30
龍井區,3,7,0,2,8,1,5,50
潭子區,3,7,0,1,8,1,5,50
西屯區,3,7,0,1,8,1,5,50
大里區,3,7,0,1,8,1,5,50
豐原區,3,7,0,2,7,1,5,50
烏日區,3,7,1,0,8,1,5,70
北屯區,3,7,0,1,7,1,5,50
南屯區,3,7,0,0,8,1,5,50
大肚區,3,8,0,1,8,1,5,70
西區,3,8,0,1,8,1,5,50
大里區,3,8,0,1,8,1,5,50
西區,3,8,0,3,8,1,5,50
大里區,3,8,0,0,8,1,5,40
大肚區,3,8,0,2,8,1,5,40
東區,3,8,0,1,8,1,5,40
后里區,3,8,0,0,8,1,5,50
潭子區,3,8,0,1,8,1,5,50
潭子區,3,8,0,2,7,1,5,60
大肚區,3,9,0,1,8,1,5,50
大里區,3,9,0,1,8,1,5,50
西屯區,3,9,0,2,8,1,5,40
龍井區,3,9,0,1,8,1,5,50
西屯區,3,9,0,1,8,1,5,50
沙鹿區,3,10,0,1,8,1,5,50
南區,3,10,0,1,8,1,5,50
烏日區,3,11,0,1,8,1,5,50
清水區,3,11,0,0,8,1,5,50
東勢區,3,11,0,2,8,1,5,50
北區,3,11,0,1,8,1,5,50
沙鹿區,3,11,0,1,8,1,5,50
沙鹿區,3,12,0,1,8,1,5,50
西屯區,3,12,0,2,8,1,5,40
霧峰區,3,12,0,1,8,1,5,50
太平區,3,12,0,1,8,1,5,50
潭子區,3,12,0,2,7,1,5,50
龍井區,3,13,0,1,8,1,5,50
東區,3,13,0,1,8,1,5,50
西屯區,3,13,0,1,8,1,5,50
大肚區,3,14,0,1,8,1,5,50
北區,3,14,0,1,8,1,5,50
后里區,3,14,0,0,8,1,5,30
大安區,3,14,0,1,7,1,5,30
北區,3,15,0,1,8,1,5,40
大肚區,3,15,0,2,8,1,5,30
南屯區,3,15,0,1,8,1,5,50
東區,3,15,0,1,8,1,5,50
西屯區,3,16,0,1,8,1,5,40
沙鹿區,3,16,0,1,8,1,5,50
東區,3,16,0,2,8,1,5,50
大安區,3,16,0,1,7,1,5,50
龍井區,3,16,0,2,7,1,5,30
太平區,3,17,0,1,8,1,5,40
后里區,3,17,0,0,8,1,5,30
東區,3,17,0,1,8,1,5,50
西屯區,3,17,0,2,8,1,5,50
清水區,3,17,0,1,8,2,5,50
新社區,3,17,0,1,8,1,5,50
西區,3,17,0,1,8,2,5,50
豐原區,3,17,0,1,8,3,5,50
沙鹿區,3,17,0,2,8,2,5,30
太平區,3,18,0,1,8,3,5,50
南屯區,3,18,0,1,8,3,5,50
梧棲區,3,18,0,1,8,3,5,70
南屯區,3,18,0,1,8,3,5,40
沙鹿區,3,18,0,2,8,3,5,60
南區,3,18,0,1,7,3,5,50
烏日區,3,18,0,2,8,3,5,50
西屯區,3,18,0,2,8,3,5,50
大甲區,3,18,0,1,8,4,5,30
西屯區,3,18,0,2,8,3,5,50
北區,3,19,0,2,8,3,5,40
西屯區,3,19,0,1,8,1,5,50
西屯區,3,19,0,1,8,3,5,50
太平區,3,19,0,1,8,3,5,50
大甲區,3,19,0,1,8,3,5,50
南屯區,3,19,0,1,8,3,5,50
烏日區,3,19,0,1,8,2,5,40
外埔區,3,20,0,0,8,3,5,50
東區,3,20,0,1,8,1,5,50
西屯區,3,20,0,1,8,3,5,50
西屯區,3,21,0,1,8,3,5,60
西屯區,3,21,0,3,8,1,5,30
北屯區,3,22,0,1,8,3,5,50
西屯區,3,22,0,1,8,3,5,50
北區,3,22,0,2,8,1,5,1
南區,3,22,0,2,8,3,5,50
西屯區,3,22,0,2,8,3,5,50
潭子區,4,1,0,1,8,3,5,30
東區,4,2,0,1,8,3,5,50
大里區,4,3,0,1,8,3,5,50
龍井區,4,5,0,1,8,3,5,70
北屯區,4,6,0,1,8,2,5,50
沙鹿區,4,6,0,2,8,1,5,40
西屯區,4,6,0,1,7,1,5,50
沙鹿區,4,6,0,1,8,1,5,50
大肚區,4,6,0,1,8,1,5,50
大里區,4,7,0,2,8,1,5,50
東勢區,4,7,0,1,8,1,5,40
霧峰區,4,7,0,2,8,2,5,50
烏日區,4,7,0,1,8,1,5,50
太平區,4,7,0,1,8,1,5,50
西屯區,4,7,0,2,8,1,5,50
南屯區,4,7,0,1,8,1,5,40
西屯區,4,7,0,1,8,1,5,50
西屯區,4,7,0,1,8,1,5,50
豐原區,4,7,0,1,8,1,5,50
南屯區,4,7,0,1,8,1,5,40
梧棲區,4,7,0,1,8,1,5,40
霧峰區,4,7,0,2,8,1,5,40
東區,4,8,0,1,8,1,5,50
西屯區,4,8,0,1,8,1,5,50
西區,4,8,0,2,8,1,5,50
豐原區,4,8,0,2,8,1,5,50
西屯區,4,8,0,1,8,1,5,50
西屯區,4,8,0,1,8,1,5,50
梧棲區,4,8,0,1,8,1,5,50
大里區,4,8,0,1,8,1,5,50
北區,4,8,0,1,8,1,5,50
大肚區,4,8,0,2,8,1,5,50
西屯區,4,9,0,2,8,1,5,30
中區,4,9,0,1,8,1,5,50
潭子區,4,9,0,1,8,1,5,50
西屯區,4,9,0,2,8,1,5,50
南屯區,4,10,0,1,8,1,5,50
西屯區,4,10,0,1,7,1,5,40
南區,4,10,0,1,8,1,5,50
南屯區,4,10,0,1,8,1,5,50
清水區,4,10,0,1,8,1,5,50
后里區,4,10,0,1,8,1,5,30
北區,4,10,0,1,8,1,5,50
東區,4,10,0,1,8,1,5,50
東區,4,11,0,0,8,1,5,50
太平區,4,11,0,1,8,1,5,50
西屯區,4,11,0,2,8,1,5,40
大里區,4,11,0,1,8,1,5,50
大甲區,4,11,0,1,8,1,5,40
霧峰區,4,11,0,1,8,1,5,50
龍井區,4,11,0,2,8,1,5,30
豐原區,4,11,0,1,8,1,5,30
西區,4,12,0,1,8,1,5,50
大甲區,4,12,0,1,8,1,5,50
烏日區,4,12,0,1,8,1,5,30
大安區,4,12,0,1,8,1,5,30
豐原區,4,12,0,1,8,1,5,50
烏日區,4,13,0,1,8,1,5,40
東區,4,13,0,1,7,1,5,50
南區,4,13,0,2,8,1,5,50
南屯區,4,13,0,0,8,1,5,50
沙鹿區,4,13,0,1,8,1,5,50
豐原區,4,14,0,1,8,1,5,50
西屯區,4,14,0,1,8,1,5,30
豐原區,4,14,0,1,8,1,5,60
沙鹿區,4,14,0,2,7,1,5,50
中區,4,14,0,2,8,1,5,50
豐原區,4,14,0,1,8,1,5,50
西屯區,4,14,0,1,8,1,5,50
神岡區,4,15,0,2,8,1,5,50
大肚區,4,15,0,1,8,1,5,50
烏日區,4,15,0,1,8,1,5,30
南區,4,15,0,0,8,1,5,50
西屯區,4,15,0,1,8,1,5,50
大甲區,4,16,0,1,7,1,5,30
西屯區,4,16,0,1,8,1,5,50
東區,4,16,0,1,8,1,5,50
南區,4,16,0,1,6,1,5,40
霧峰區,4,16,0,0,8,1,5,30
龍井區,4,16,0,2,8,1,5,40
西屯區,4,16,0,1,8,1,5,40
南屯區,4,17,0,1,6,2,5,50
西屯區,4,17,0,1,8,1,5,50
豐原區,4,17,0,2,7,1,5,30
大里區,4,17,0,2,8,1,5,50
龍井區,4,17,0,1,8,1,5,50
大肚區,4,17,0,1,7,1,5,50
烏日區,4,17,0,2,8,1,5,50
西屯區,4,17,0,2,8,1,5,40
豐原區,4,17,0,1,8,3,5,50
烏日區,4,17,0,1,7,3,5,40
大里區,4,17,0,2,8,2,5,50
西區,4,17,0,1,8,3,5,50
西屯區,4,18,0,1,8,2,5,50
南區,4,18,0,2,8,3,5,50
南屯區,4,18,0,1,8,3,5,40
太平區,4,18,0,0,8,3,5,80
西屯區,4,18,0,1,8,3,5,40
南屯區,4,18,0,2,8,1,5,40
西區,4,18,0,1,8,3,5,50
清水區,4,18,0,2,7,3,5,50
北區,4,18,0,2,8,3,5,40
西屯區,4,18,0,1,8,3,5,50
豐原區,4,18,0,1,8,3,5,30
東區,4,18,0,1,8,3,5,50
烏日區,4,18,0,1,7,3,5,60
太平區,4,18,0,1,6,3,5,50
烏日區,4,19,0,0,8,3,6,40
西屯區,4,19,0,2,8,1,5,50
西屯區,4,19,0,1,6,3,5,50
西區,4,19,0,1,8,3,5,50
南區,4,19,0,2,6,3,5,50
烏日區,4,19,0,1,6,3,5,50
豐原區,4,19,0,1,7,3,5,50
南屯區,4,19,0,3,6,3,5,50
大里區,4,19,0,2,6,3,5,50
西屯區,4,19,0,2,8,3,5,50
烏日區,4,20,0,1,6,3,5,50
西屯區,4,20,0,2,8,3,5,50
外埔區,4,20,0,0,8,3,5,50
太平區,4,20,0,0,8,3,5,50
北區,4,20,0,1,7,3,5,50
北區,4,20,0,1,8,1,5,50
沙鹿區,4,21,0,1,8,1,5,50
神岡區,4,21,0,2,6,3,5,50
霧峰區,4,22,0,2,6,3,5,50
北區,4,22,0,1,8,3,5,50
西屯區,4,22,0,1,6,3,5,50
沙鹿區,4,22,0,1,6,3,5,50
豐原區,4,23,0,1,6,3,5,50
南區,5,1,0,1,6,3,5,50
清水區,5,2,0,1,6,4,5,40
大甲區,5,6,0,2,8,1,5,50
西屯區,5,7,0,2,8,1,5,50
烏日區,5,7,0,2,8,1,5,60
中區,5,7,0,1,8,1,5,50
清水區,5,7,0,1,8,2,5,50
北區,5,7,0,1,8,1,5,50
大里區,5,7,0,4,8,1,5,40
東勢區,5,7,0,2,8,1,5,50
烏日區,5,7,0,1,8,1,5,30
北屯區,5,7,0,1,8,1,5,50
清水區,5,7,0,1,8,1,5,50
清水區,5,7,0,2,8,1,5,50
大肚區,5,7,0,2,8,1,5,50
北屯區,5,7,0,1,8,1,5,50
西屯區,5,7,0,1,8,1,5,50
北區,5,7,0,1,8,1,5,50
南區,5,8,0,1,8,1,5,50
北屯區,5,8,0,1,8,1,5,40
大肚區,5,8,0,1,8,1,5,30
豐原區,5,8,0,1,8,1,5,50
北區,5,8,0,1,8,1,5,50
豐原區,5,8,0,1,8,1,5,50
豐原區,5,8,0,1,8,1,5,60
西區,5,8,0,1,8,1,5,40
大雅區,5,8,0,1,8,1,5,50
烏日區,5,8,0,1,8,1,5,50
龍井區,5,9,0,1,8,1,5,30
大里區,5,9,0,2,8,1,5,50
豐原區,5,9,0,2,8,1,5,50
大里區,5,9,0,1,8,1,5,50
霧峰區,5,10,0,1,8,1,5,40
大甲區,5,10,0,1,8,1,5,50
大甲區,5,10,0,0,8,1,5,40
西屯區,5,10,0,1,8,1,5,40
北屯區,5,10,0,1,8,1,5,50
太平區,5,10,0,1,8,1,5,50
霧峰區,5,10,0,1,8,1,5,50
東區,5,10,0,2,8,1,5,50
西屯區,5,11,0,1,8,1,5,50
潭子區,5,11,0,2,8,1,5,60
后里區,5,11,0,1,8,1,5,60
豐原區,5,11,0,1,8,1,5,30
太平區,5,11,0,1,8,1,5,50
大里區,5,12,0,2,8,1,5,50
大肚區,5,12,0,1,8,1,5,30
太平區,5,12,0,2,8,1,5,50
西屯區,5,12,0,1,8,1,5,50
北區,5,12,0,2,8,1,5,50
西屯區,5,12,0,1,8,1,5,50
西屯區,5,12,0,1,8,1,5,50
大雅區,5,12,0,1,8,1,5,60
西屯區,5,13,0,1,8,1,5,40
北屯區,5,13,0,2,8,1,5,40
西區,5,13,0,1,8,1,5,50
西區,5,14,0,1,8,1,5,50
豐原區,5,14,0,1,8,1,5,50
清水區,5,14,0,1,8,1,5,70
豐原區,5,14,0,1,8,1,7,10
北區,5,14,0,2,8,1,5,50
西屯區,5,14,0,1,8,1,5,40
西屯區,5,14,0,1,8,1,5,50
大雅區,5,14,0,1,8,1,5,50
北屯區,5,14,0,1,8,1,5,50
沙鹿區,5,15,0,2,8,1,5,50
大安區,5,15,0,2,8,1,5,50
東區,5,15,0,2,8,1,5,50
大雅區,5,15,0,1,8,1,5,50
西區,5,15,0,1,8,1,5,50
西屯區,5,15,0,1,8,1,5,30
西屯區,5,16,0,1,8,1,5,50
西屯區,5,16,0,1,8,1,5,50
西屯區,5,16,0,1,8,1,5,40
西屯區,5,16,0,1,8,1,5,50
西屯區,5,16,0,3,8,1,5,40
東區,5,16,0,1,8,1,5,50
北區,5,16,0,1,8,1,5,50
北區,5,16,0,1,8,1,5,50
西屯區,5,16,0,1,8,1,5,40
太平區,5,16,0,1,8,1,5,80
烏日區,5,16,0,2,8,1,5,50
烏日區,5,17,0,1,8,1,5,30
大肚區,5,17,0,1,8,1,5,50
后里區,5,17,0,0,8,1,5,30
烏日區,5,17,0,1,8,1,5,50
南屯區,5,17,0,2,8,1,5,50
南屯區,5,17,1,0,8,1,5,40
西屯區,5,17,0,1,6,1,5,60
西屯區,5,17,0,1,8,1,5,50
龍井區,5,17,0,1,8,3,5,40
太平區,5,17,0,1,8,3,5,50
東區,5,18,0,3,8,3,5,50
烏日區,5,18,0,2,8,3,5,40
中區,5,18,0,1,8,3,5,50
沙鹿區,5,18,0,1,8,3,5,50
西屯區,5,18,0,1,8,3,5,50
豐原區,5,19,0,1,8,3,7,50
中區,5,19,0,2,6,3,5,50
潭子區,5,19,0,1,8,3,5,30
北屯區,5,19,0,1,8,3,5,50
豐原區,5,19,0,1,7,3,5,50
南屯區,5,20,0,0,8,3,5,50
西屯區,5,20,0,1,8,3,5,50
太平區,5,20,0,0,8,3,5,50
沙鹿區,5,20,0,1,8,3,5,50
南屯區,5,20,0,1,8,3,5,50
后里區,5,21,0,1,8,3,5,60
西屯區,5,21,0,1,6,3,5,40
北屯區,5,21,0,1,8,1,5,50
東區,5,22,0,1,8,3,5,50
南屯區,5,22,0,1,8,3,5,50
大里區,5,22,0,1,8,3,5,50
西屯區,5,22,0,2,8,3,5,50
西屯區,5,23,0,1,8,1,5,40
西屯區,5,23,0,1,8,3,5,50
北區,5,23,0,2,8,3,5,50
西屯區,5,23,0,1,8,3,5,50
東區,6,0,0,0,8,3,5,50
西屯區,6,3,0,2,8,3,5,50
烏日區,6,3,0,1,7,3,5,60
霧峰區,6,5,0,2,8,2,5,50
大甲區,6,7,0,1,7,1,5,50
梧棲區,6,7,0,2,7,1,5,60
東區,6,7,0,2,8,1,5,50
西區,6,7,0,1,8,1,5,50
南區,6,7,0,1,8,1,5,50
清水區,6,7,0,1,7,1,5,50
沙鹿區,6,7,0,1,7,1,5,40
梧棲區,6,7,0,1,7,1,5,50
大甲區,6,7,0,1,7,1,5,50
太平區,6,8,0,1,8,1,5,40
中區,6,8,0,1,8,1,5,50
沙鹿區,6,8,0,1,8,1,5,40
南屯區,6,8,0,1,8,1,5,30
太平區,6,8,0,1,7,1,5,50
大肚區,6,8,0,2,8,1,5,50
北區,6,8,0,2,8,1,5,50
清水區,6,8,0,0,8,1,5,30
南屯區,6,9,0,1,7,1,5,50
清水區,6,9,0,0,8,1,5,50
南屯區,6,9,0,1,8,1,5,50
烏日區,6,9,0,1,8,1,5,50
豐原區,6,9,0,1,4,1,5,60
東區,6,9,0,1,8,1,5,50
清水區,6,9,0,0,8,1,5,90
西屯區,6,9,0,1,8,1,5,50
大甲區,6,9,0,1,7,1,5,50
大里區,6,10,0,1,8,1,5,40
外埔區,6,10,0,1,8,1,5,50
豐原區,6,10,0,1,8,1,5,50
太平區,6,10,0,2,8,1,5,40
北區,6,10,0,1,8,1,5,50
大雅區,6,10,0,3,8,1,5,40
清水區,6,11,0,0,8,1,5,40
西區,6,11,0,2,8,1,5,50
后里區,6,11,0,2,8,3,5,30
大雅區,6,11,0,1,7,1,5,50
北區,6,11,0,1,8,1,5,50
北屯區,6,11,0,2,8,1,5,50
北區,6,11,0,2,8,1,5,50
龍井區,6,11,0,1,8,1,5,30
北區,6,11,0,2,8,1,5,50
南區,6,11,0,1,8,1,5,50
北屯區,6,11,0,1,8,1,5,50
烏日區,6,12,0,1,8,1,5,50
東區,6,12,0,1,8,1,5,50
大甲區,6,12,0,1,8,1,5,50
豐原區,6,12,0,1,8,1,5,50
烏日區,6,12,0,1,8,1,5,60
太平區,6,12,0,1,8,1,5,50
西屯區,6,13,0,1,8,1,5,50
北屯區,6,13,0,3,8,1,5,50
石岡區,6,13,0,1,8,1,5,50
西屯區,6,13,0,2,8,1,5,60
西屯區,6,13,0,1,8,1,5,50
梧棲區,6,14,0,1,7,1,5,70
西屯區,6,14,0,1,8,1,5,50
太平區,6,14,0,2,8,1,5,50
西屯區,6,14,0,1,8,1,5,40
北屯區,6,14,0,1,8,1,5,50
烏日區,6,15,0,2,8,1,5,30
北屯區,6,15,0,1,8,1,5,50
后里區,6,15,0,1,8,1,5,60
南屯區,6,15,0,2,8,1,5,50
豐原區,6,15,0,1,8,1,8,30
豐原區,6,15,0,1,8,1,5,50
豐原區,6,15,0,2,8,1,5,50
太平區,6,15,0,2,8,1,5,40
烏日區,6,16,0,1,8,1,5,60
西區,6,16,0,1,8,1,5,50
南屯區,6,16,0,1,8,1,5,50
東勢區,6,16,0,1,8,1,5,50
太平區,6,16,0,1,8,1,5,50
東區,6,16,0,3,8,1,5,50
南區,6,17,0,1,8,1,5,50
太平區,6,17,0,2,8,2,5,50
后里區,6,17,0,0,8,3,5,50
南區,6,17,0,1,8,2,5,50
太平區,6,17,0,1,8,3,5,30
梧棲區,6,18,0,2,8,1,5,50
太平區,6,18,0,2,8,3,5,50
潭子區,6,18,0,1,8,3,5,30
神岡區,6,19,0,1,8,3,5,50
南區,6,19,0,2,8,3,5,50
南屯區,6,20,0,2,8,3,5,50
南屯區,6,20,0,1,8,3,5,50
北區,6,20,0,2,7,3,5,50
清水區,6,20,0,2,8,1,5,50
清水區,6,20,0,1,8,1,5,50
西屯區,6,20,0,1,8,3,5,50
西區,6,20,0,1,8,3,5,50
西屯區,6,21,0,1,8,3,5,50
沙鹿區,6,21,0,2,8,3,5,40
大肚區,6,21,0,2,8,3,5,50
北區,6,21,0,1,8,3,5,50
龍井區,6,21,0,2,8,3,5,50
梧棲區,6,22,0,1,7,3,5,50
南屯區,6,22,0,1,8,3,5,50
北區,6,22,0,1,8,3,5,50
北區,6,22,0,1,8,3,5,50
西屯區,6,22,0,2,6,4,5,50
西屯區,6,23,0,1,6,4,5,50
大里區,6,23,0,1,6,3,5,80
南區,7,0,0,0,7,3,5,50
北區,7,0,0,2,8,3,5,1
龍井區,7,0,0,1,8,1,5,30
南屯區,7,2,0,1,8,3,5,50
南屯區,7,2,0,1,8,3,5,40
清水區,7,3,0,0,6,3,5,50
北區,7,6,0,2,8,1,5,50
西區,7,6,0,2,8,1,5,50
烏日區,7,6,0,2,8,1,5,60
大雅區,7,7,0,1,7,1,5,50
大肚區,7,7,0,1,8,1,5,50
新社區,7,8,0,1,8,1,5,50
沙鹿區,7,8,0,1,8,1,5,50
大里區,7,8,0,4,8,1,5,50
石岡區,7,8,0,1,8,1,5,50
北區,7,9,0,2,8,1,5,50
太平區,7,10,0,1,8,1,5,30
北區,7,10,0,1,8,1,5,50
豐原區,7,10,0,1,8,1,5,50
東區,7,10,0,1,8,1,5,50
北區,7,11,0,1,8,1,5,50
梧棲區,7,11,0,3,8,1,5,30
南屯區,7,11,0,2,8,1,5,50
東區,7,11,0,3,8,1,5,50
烏日區,7,11,0,1,8,1,5,50
龍井區,7,11,0,4,8,1,5,30
西區,7,11,0,1,8,1,5,50
西屯區,7,11,0,3,8,1,5,50
龍井區,7,12,0,1,7,1,5,50
梧棲區,7,12,0,2,8,1,5,50
北屯區,7,12,0,2,8,1,5,50
沙鹿區,7,12,0,1,8,1,5,60
北區,7,12,0,2,8,1,5,40
南區,7,12,0,1,8,1,5,50
東區,7,13,0,2,8,1,5,50
中區,7,13,0,1,8,1,5,50
南屯區,7,14,0,1,8,1,5,50
東區,7,14,0,2,8,1,5,50
清水區,7,14,0,0,8,1,5,50
大甲區,7,14,0,1,8,1,5,50
北屯區,7,14,0,2,8,1,5,50
南屯區,7,14,0,1,8,1,5,50
東勢區,7,14,0,1,8,1,5,50
北區,7,14,0,2,8,1,5,50
西區,7,15,0,1,8,1,5,50
東區,7,15,0,1,8,1,5,50
南屯區,7,15,0,1,8,1,5,50
清水區,7,15,0,0,8,1,5,40
南屯區,7,15,0,1,7,1,5,50
西屯區,7,16,0,1,8,1,5,35
南區,7,16,0,1,8,1,5,50
西屯區,7,17,0,1,8,2,5,50
西屯區,7,17,0,1,8,1,5,50
南區,7,17,0,2,8,1,5,50
南屯區,7,17,0,1,8,1,5,50
大雅區,7,17,0,2,8,1,5,50
太平區,7,17,0,1,8,3,5,50
北區,7,18,0,1,8,3,5,50
北區,7,18,0,1,8,3,5,50
北區,7,19,0,1,8,3,5,50
北區,7,19,0,2,8,3,5,50
西屯區,7,19,0,1,8,3,5,50
西屯區,7,20,0,2,8,3,5,50
龍井區,7,21,0,1,8,3,5,40
太平區,7,22,0,1,8,3,5,50
西屯區,7,22,0,3,8,3,5,50
南屯區,7,22,0,1,8,3,5,50
神岡區,7,22,0,1,8,1,5,30
北區,7,22,0,1,8,3,5,50
北區,8,1,0,1,8,3,5,1
龍井區,8,4,0,2,8,3,5,30
北區,8,5,0,1,8,3,5,40
龍井區,8,6,0,2,8,1,5,30
西屯區,8,6,0,1,8,1,5,50
西屯區,8,7,0,1,8,1,5,40
大肚區,8,7,0,1,7,1,5,50
烏日區,8,7,0,1,8,1,5,50
后里區,8,7,0,0,8,1,5,50
豐原區,8,7,0,2,8,1,5,30
大里區,8,7,0,0,8,1,5,40
龍井區,8,7,0,1,8,1,5,50
大甲區,8,7,0,1,8,1,5,40
潭子區,8,7,0,2,8,1,5,50
北區,8,7,0,1,8,1,5,50
東區,8,7,0,1,8,1,5,40
后里區,8,7,0,1,7,1,5,60
梧棲區,8,7,0,1,8,1,5,50
沙鹿區,8,7,0,1,8,1,5,30
西屯區,8,7,0,2,8,1,5,50
西屯區,8,7,0,1,8,1,5,40
清水區,8,7,0,0,8,1,5,40
西屯區,8,8,0,1,8,1,5,30
烏日區,8,8,0,2,8,1,5,70
西屯區,8,8,0,1,8,1,5,40
龍井區,8,8,0,1,8,1,5,50
南屯區,8,8,0,1,8,1,5,50
西屯區,8,8,0,1,8,1,5,50
東區,8,8,0,1,8,1,5,50
大肚區,8,8,0,2,8,1,5,30
豐原區,8,8,0,2,8,1,5,30
西屯區,8,8,0,2,8,1,5,50
南屯區,8,8,0,2,8,1,5,50
西屯區,8,8,0,2,8,1,5,50
梧棲區,8,8,0,1,8,1,5,40
大里區,8,9,0,1,8,1,5,50
南區,8,9,0,2,8,1,5,50
西區,8,9,0,1,8,1,5,50
北區,8,10,0,1,8,1,5,50
西屯區,8,10,0,1,8,1,5,50
南屯區,8,10,0,2,8,1,5,40
北區,8,11,0,1,8,1,5,50
太平區,8,11,0,1,8,1,5,50
大里區,8,11,0,0,8,1,5,50
西區,8,11,0,2,8,1,5,50
東勢區,8,11,0,2,8,1,5,50
西屯區,8,11,0,2,8,1,5,50
潭子區,8,12,0,1,8,1,5,50
太平區,8,12,0,1,8,1,5,50
后里區,8,12,0,2,8,1,5,50
西屯區,8,12,0,1,8,1,5,5
西屯區,8,12,0,1,8,1,5,50
太平區,8,12,0,3,8,1,5,50
龍井區,8,13,0,0,8,1,6,40
太平區,8,13,0,1,8,1,5,30
西區,8,13,0,1,8,1,5,50
西屯區,8,13,0,1,8,1,5,50
南屯區,8,13,0,1,8,1,5,50
霧峰區,8,14,0,1,8,1,5,50
東勢區,8,14,0,2,8,1,5,40
西屯區,8,14,0,1,8,1,5,50
西屯區,8,15,0,1,8,1,5,50
西屯區,8,15,0,1,8,1,5,50
清水區,8,15,0,1,8,1,5,30
南區,8,15,0,1,8,1,5,50
烏日區,8,15,0,2,8,1,5,70
南屯區,8,15,0,1,8,1,5,50
豐原區,8,15,0,1,8,1,5,50
西屯區,8,15,0,1,8,1,5,50
南區,8,15,0,1,8,1,5,5
北區,8,16,0,1,8,1,5,40
東區,8,16,0,1,8,1,5,50
后里區,8,16,0,2,8,1,5,40
西屯區,8,16,0,1,8,1,5,40
烏日區,8,16,0,2,8,1,5,50
神岡區,8,16,0,2,8,1,5,50
北區,8,16,0,1,8,1,5,50
大肚區,8,16,0,1,8,1,5,50
清水區,8,16,0,0,8,1,5,70
新社區,8,16,0,1,8,1,5,50
南屯區,8,17,0,1,8,1,5,50
南屯區,8,17,0,2,8,1,5,50
南屯區,8,17,0,2,8,1,5,50
北屯區,8,17,0,2,8,1,5,50
大雅區,8,17,0,2,8,1,5,50
豐原區,8,17,0,1,8,1,5,50
南屯區,8,17,0,1,8,1,5,50
豐原區,8,17,0,2,8,1,5,50
潭子區,8,17,0,1,8,1,5,60
烏日區,8,17,0,1,8,2,5,50
東區,8,17,0,0,8,3,5,50
西屯區,8,17,0,3,8,3,5,50
西屯區,8,17,0,1,8,1,5,40
沙鹿區,8,17,0,1,8,2,5,50
太平區,8,18,0,1,8,3,5,50
南屯區,8,18,0,1,8,3,5,50
西區,8,18,0,1,8,3,5,40
南屯區,8,18,0,1,8,3,5,40
東區,8,18,0,1,8,3,5,50
東區,8,18,0,1,8,3,5,50
西屯區,8,18,0,0,8,3,5,50
潭子區,8,18,0,1,7,3,5,50
南屯區,8,19,0,1,8,3,5,50
東區,8,19,0,2,8,3,5,50
神岡區,8,19,0,1,8,1,5,50
西屯區,8,19,0,2,8,1,5,50
東區,8,19,0,1,8,2,5,50
西屯區,8,19,0,1,8,3,5,40
龍井區,8,19,0,1,8,3,5,50
龍井區,8,19,0,1,8,3,5,50
西屯區,8,19,0,2,8,1,5,40
沙鹿區,8,19,0,1,8,3,5,40
太平區,8,19,0,3,8,3,5,50
新社區,8,20,0,1,7,3,5,50
大雅區,8,20,0,2,8,1,5,50
大里區,8,20,0,2,8,3,5,50
西區,8,20,0,1,8,3,5,50
神岡區,8,20,0,1,8,3,5,50
南區,8,20,0,2,8,3,5,50
北屯區,8,21,0,1,8,3,5,50
北區,8,21,0,1,8,3,5,50
西屯區,8,21,0,2,8,3,5,50
大里區,8,22,0,1,8,3,5,50
西屯區,8,22,0,1,8,3,5,40
中區,8,23,0,1,8,3,5,50
霧峰區,9,0,1,0,8,3,5,40
西屯區,9,5,0,1,8,1,5,30
西屯區,9,7,0,1,8,1,5,50
外埔區,9,7,0,0,8,1,5,50
豐原區,9,7,0,1,8,1,5,50
西屯區,9,7,0,2,8,1,5,40
大肚區,9,7,0,2,8,1,5,50
大里區,9,7,0,1,8,1,5,60
西屯區,9,7,0,2,8,1,5,30
西區,9,7,0,2,8,2,5,50
大里區,9,7,0,1,8,1,5,50
大里區,9,7,0,1,8,1,8,50
豐原區,9,7,0,2,8,1,5,50
大雅區,9,7,0,2,8,1,5,50
西屯區,9,8,0,2,8,1,5,50
北區,9,8,0,0,8,1,5,50
西屯區,9,8,0,2,8,1,5,50
霧峰區,9,8,1,0,8,1,5,50
南屯區,9,8,0,1,8,1,5,50
太平區,9,8,0,1,8,1,5,50
南屯區,9,8,0,1,8,1,5,50
梧棲區,9,8,0,1,8,1,5,70
大里區,9,8,0,2,8,1,5,60
北區,9,8,0,2,8,1,5,50
西屯區,9,8,0,1,8,1,5,50
烏日區,9,9,0,1,8,1,5,30
西屯區,9,9,0,2,8,1,5,50
大里區,9,9,0,1,8,1,5,50
大雅區,9,9,0,1,8,1,5,50
大甲區,9,9,0,3,8,1,5,70
西屯區,9,9,0,1,8,1,5,30
大里區,9,9,0,1,8,1,5,50
大甲區,9,10,0,1,8,1,5,50
沙鹿區,9,10,0,2,8,1,5,50
南屯區,9,10,0,1,8,1,5,50
南屯區,9,10,0,1,8,1,5,30
外埔區,9,10,0,0,8,1,5,30
霧峰區,9,10,0,0,8,1,5,30
烏日區,9,11,0,2,8,1,5,40
西屯區,9,11,0,1,8,1,5,50
龍井區,9,11,0,1,8,1,5,50
烏日區,9,11,0,1,8,1,5,50
太平區,9,11,0,1,8,1,5,50
豐原區,9,11,0,1,8,1,5,50
霧峰區,9,11,0,2,8,1,5,50
南屯區,9,12,0,1,8,1,5,50
大雅區,9,12,0,1,8,1,5,30
北屯區,9,12,0,1,8,1,5,50
北區,9,12,0,1,8,1,5,50
大雅區,9,12,0,1,8,1,5,30
太平區,9,12,0,1,8,1,5,50
后里區,9,12,0,0,8,1,5,30
石岡區,9,12,0,1,8,1,5,70
霧峰區,9,13,0,1,8,1,5,50
西屯區,9,13,0,1,8,1,5,50
烏日區,9,13,0,1,8,1,5,40
南屯區,9,13,0,1,8,1,5,50
西屯區,9,13,0,1,8,1,5,30
西屯區,9,14,0,1,8,1,5,50
北區,9,14,0,1,8,1,5,50
北區,9,14,0,1,8,1,5,50
北屯區,9,14,0,1,8,1,5,50
豐原區,9,14,0,1,8,1,5,30
霧峰區,9,14,0,1,8,1,5,50
霧峰區,9,14,0,2,8,1,5,70
西區,9,15,0,2,8,1,5,50
南屯區,9,15,0,1,8,1,5,30
后里區,9,15,0,0,8,1,5,50
南屯區,9,16,0,1,8,1,5,50
豐原區,9,16,0,2,8,1,5,50
大甲區,9,16,0,2,8,1,5,30
南區,9,16,0,1,8,2,5,50
大雅區,9,16,0,2,8,1,5,30
南屯區,9,16,0,1,8,2,5,50
大肚區,9,16,0,1,8,1,5,50
外埔區,9,16,0,1,8,1,5,50
北區,9,16,0,2,8,1,5,50
神岡區,9,17,0,1,8,1,5,50
西屯區,9,17,0,2,8,1,5,30
東區,9,17,0,1,8,1,5,50
西區,9,17,0,1,8,2,5,50
南區,9,17,0,1,8,1,5,50
后里區,9,17,0,1,8,3,5,50
北屯區,9,17,0,1,8,3,5,50
烏日區,9,18,0,1,8,2,5,40
大肚區,9,18,0,1,8,2,5,50
北區,9,18,0,2,8,1,5,50
大甲區,9,18,0,3,8,3,5,50
東區,9,18,0,1,8,3,5,50
大甲區,9,18,0,1,8,3,5,50
北區,9,18,0,1,8,3,5,30
北屯區,9,18,0,0,8,3,5,50
北區,9,18,0,1,8,3,5,50
北區,9,18,0,1,8,3,5,50
龍井區,9,18,0,1,8,3,5,30
龍井區,9,18,0,2,8,3,5,30
太平區,9,18,0,1,8,3,5,50
沙鹿區,9,18,0,2,8,3,5,40
豐原區,9,18,0,1,8,1,5,50
烏日區,9,19,0,2,8,3,5,50
南屯區,9,19,0,1,8,3,5,50
西屯區,9,19,0,1,8,3,5,50
西區,9,19,0,1,8,3,5,50
清水區,9,19,0,2,8,3,5,50
南屯區,9,19,0,1,8,2,5,50
潭子區,9,19,0,1,8,3,5,40
北區,9,19,0,1,8,3,5,50
梧棲區,9,20,0,1,8,3,5,50
石岡區,9,20,0,1,7,3,5,70
東區,9,20,0,1,8,3,5,50
北屯區,9,20,0,1,8,3,5,50
南屯區,9,21,0,2,8,3,5,50
太平區,9,21,0,1,8,1,5,50
南屯區,9,21,0,1,8,3,5,50
西屯區,9,21,0,1,8,3,5,50
西屯區,9,21,0,1,8,3,5,50
西屯區,9,21,0,2,8,3,5,50
豐原區,9,22,0,2,8,3,5,30
南區,9,22,0,1,8,3,5,50
西區,9,22,0,1,8,3,5,50
太平區,9,23,0,1,8,1,5,50
中區,10,2,0,1,8,3,5,50
北區,10,3,0,2,8,3,5,50
神岡區,10,5,0,1,8,1,5,25
豐原區,10,6,0,1,8,1,5,50
西屯區,10,6,0,1,8,1,5,50
大雅區,10,7,0,2,8,1,5,50
霧峰區,10,7,0,1,8,1,5,30
西屯區,10,7,0,2,8,1,5,50
西屯區,10,7,0,2,8,1,5,50
西屯區,10,7,0,1,8,1,5,50
大甲區,10,7,0,3,8,1,5,50
西區,10,7,0,1,8,1,5,50
東勢區,10,7,0,1,8,1,5,60
龍井區,10,7,0,1,8,1,5,50
沙鹿區,10,7,0,1,8,1,5,50
龍井區,10,7,0,1,8,1,5,30
大里區,10,7,0,0,8,1,5,50
大里區,10,7,0,1,8,1,5,50
霧峰區,10,7,0,1,8,1,5,50
神岡區,10,7,0,1,8,1,5,60
南屯區,10,7,0,2,8,1,5,50
太平區,10,7,0,1,8,1,5,30
清水區,10,7,0,1,8,1,5,30
潭子區,10,7,0,1,8,1,5,50
西屯區,10,8,0,2,8,1,5,30
西屯區,10,8,0,2,8,1,5,50
烏日區,10,8,0,1,8,1,5,60
西屯區,10,8,0,1,8,1,5,40
霧峰區,10,8,0,2,8,1,5,40
沙鹿區,10,8,0,2,8,1,5,50
東勢區,10,8,0,1,8,1,5,50
神岡區,10,8,0,1,8,1,5,50
西區,10,8,0,2,8,1,5,50
潭子區,10,8,0,1,8,1,5,40
西區,10,9,0,2,8,1,5,50
西屯區,10,9,0,2,8,1,5,50
梧棲區,10,9,0,1,8,1,5,70
東區,10,9,0,1,8,1,5,50
西屯區,10,9,0,1,8,1,5,40
南區,10,9,0,1,8,1,5,40
西屯區,10,9,0,3,8,1,5,40
南屯區,10,9,0,1,8,1,5,40
西屯區,10,9,0,1,8,1,5,50
梧棲區,10,9,0,1,8,1,5,30
北屯區,10,9,0,1,8,1,5,50
大里區,10,10,0,2,8,1,5,50
北區,10,10,0,2,8,1,5,50
北區,10,10,0,2,8,1,5,50
南屯區,10,10,0,1,8,1,5,50
南屯區,10,10,0,1,8,1,5,40
烏日區,10,10,0,1,8,1,5,50
北屯區,10,10,0,1,8,1,5,50
西屯區,10,10,0,1,8,1,5,1
霧峰區,10,11,0,2,8,1,5,50
南屯區,10,11,0,1,8,1,5,50
大里區,10,11,0,2,8,1,5,50
北屯區,10,11,0,1,8,1,5,50
西區,10,11,0,2,8,1,5,50
豐原區,10,11,0,1,8,1,5,50
東勢區,10,11,0,0,8,1,5,50
大甲區,10,11,0,1,8,1,5,50
烏日區,10,12,0,2,8,1,5,60
東區,10,12,0,3,8,1,5,50
西屯區,10,12,0,1,8,1,5,50
大肚區,10,12,0,1,8,1,5,50
大肚區,10,12,0,1,8,1,5,50
北區,10,12,0,0,8,1,5,50
烏日區,10,12,0,1,8,1,5,30
北區,10,12,0,1,8,1,5,50
西屯區,10,12,0,1,8,1,5,50
北區,10,13,0,1,8,1,5,50
北區,10,13,0,0,8,1,5,50
東區,10,13,0,1,8,1,5,40
西屯區,10,13,0,1,8,1,5,50
潭子區,10,13,0,1,8,1,5,50
太平區,10,13,0,1,8,1,5,50
清水區,10,13,0,1,8,1,5,70
大甲區,10,14,0,1,8,1,5,50
南屯區,10,14,0,2,8,1,5,40
北屯區,10,14,0,1,8,1,5,40
大里區,10,14,0,0,8,1,5,50
后里區,10,14,0,1,8,1,5,50
沙鹿區,10,14,0,1,8,1,5,50
北區,10,15,0,2,8,1,5,50
北區,10,15,0,2,8,1,5,50
大里區,10,15,0,1,8,1,5,50
沙鹿區,10,15,0,1,8,1,5,50
北區,10,15,0,1,8,1,5,50
西屯區,10,15,0,1,8,1,5,50
大甲區,10,15,0,1,8,1,5,30
沙鹿區,10,16,0,2,8,1,5,50
大肚區,10,16,0,2,8,1,5,50
霧峰區,10,16,0,0,8,1,5,40
西區,10,16,0,1,8,1,5,50
大肚區,10,16,0,1,8,1,5,50
龍井區,10,17,0,1,8,1,5,50
西屯區,10,17,0,1,8,1,5,50
霧峰區,10,17,0,1,8,1,5,40
東勢區,10,17,0,2,8,1,5,40
后里區,10,17,0,0,8,1,5,60
烏日區,10,17,0,1,8,1,5,50
豐原區,10,17,0,1,8,3,5,50
北區,10,17,0,1,8,1,5,50
東區,10,17,0,0,8,1,5,30
西屯區,10,17,0,1,8,1,5,40
太平區,10,17,0,1,8,1,5,50
沙鹿區,10,17,0,1,8,1,5,30
梧棲區,10,17,0,2,8,1,5,50
西區,10,17,0,0,8,3,5,50
南屯區,10,18,0,1,8,3,5,50
南屯區,10,18,0,2,8,2,5,40
西區,10,18,0,1,8,3,5,50
大雅區,10,18,0,1,8,3,5,50
西屯區,10,18,0,2,8,1,5,30
西屯區,10,18,0,1,8,3,5,50
大里區,10,18,0,2,8,3,5,60
太平區,10,18,0,2,8,2,5,50
大肚區,10,19,0,1,8,3,5,30
大肚區,10,19,0,1,8,3,5,30
北區,10,19,0,1,8,3,5,50
太平區,10,19,0,1,8,3,5,50
龍井區,10,19,0,2,8,3,5,50
北區,10,20,0,1,8,3,5,50
西屯區,10,20,0,1,8,3,5,40
南屯區,10,20,0,1,8,3,5,50
西屯區,10,20,0,1,8,3,5,50
西區,10,21,0,1,8,3,5,50
東區,10,21,0,1,8,3,5,50
豐原區,10,21,0,1,8,3,5,50
烏日區,10,21,0,1,8,1,5,30
西屯區,10,21,0,1,8,3,5,50
后里區,10,21,0,2,8,3,5,50
神岡區,10,21,0,1,8,3,5,50
太平區,10,22,0,2,8,3,5,50
沙鹿區,10,22,0,1,8,3,5,50
大里區,10,22,0,2,8,3,5,50
沙鹿區,10,22,0,1,8,3,5,40
大雅區,10,23,0,2,8,3,5,50
西屯區,10,23,0,2,8,3,5,30
北區,10,23,0,2,8,3,5,50
西屯區,10,23,0,1,8,3,5,40
南屯區,10,23,0,1,8,1,5,30
西屯區,10,23,0,2,8,3,5,30
烏日區,11,0,0,1,8,3,5,50
東區,11,2,0,2,8,3,5,50
西屯區,11,6,0,1,8,1,5,50
外埔區,11,6,0,1,8,1,5,30
沙鹿區,11,6,0,1,8,3,5,50
南屯區,11,7,0,1,8,1,5,40
烏日區,11,7,0,1,8,1,5,60
北屯區,11,7,0,1,8,1,5,50
梧棲區,11,7,0,1,8,1,5,40
南屯區,11,7,0,2,8,1,5,50
大里區,11,7,0,2,8,1,5,40
西屯區,11,7,0,1,8,1,5,40
大里區,11,7,0,0,8,1,5,50
西屯區,11,7,0,1,8,1,5,50
梧棲區,11,7,0,1,8,1,5,40
神岡區,11,7,0,2,8,1,5,50
西區,11,8,0,1,8,1,5,50
大里區,11,8,0,0,8,1,5,40
后里區,11,8,0,2,8,1,5,40
西屯區,11,8,0,2,8,1,5,50
東區,11,8,0,1,8,1,5,50
南區,11,8,0,1,8,1,5,50
北區,11,8,0,1,8,1,5,50
豐原區,11,8,0,1,8,1,5,50
沙鹿區,11,8,0,1,8,1,5,50
梧棲區,11,8,0,2,8,1,5,50
北區,11,8,0,1,8,1,5,50
西屯區,11,8,0,1,8,1,5,50
大雅區,11,8,0,2,8,1,5,30
北區,11,9,0,2,8,1,5,40
東區,11,9,0,1,8,1,5,50
南屯區,11,9,0,1,8,1,5,40
北區,11,9,0,1,8,1,5,40
北區,11,9,0,1,8,1,5,50
南屯區,11,9,0,1,8,1,5,50
北區,11,9,0,1,8,1,5,50
中區,11,10,0,1,8,1,5,50
大里區,11,10,0,2,8,1,5,50
西屯區,11,11,0,1,8,1,5,50
大肚區,11,11,0,3,8,1,5,30
西屯區,11,11,0,1,8,1,5,50
南屯區,11,11,0,2,8,1,5,50
豐原區,11,11,0,1,8,1,5,50
大雅區,11,11,0,2,8,1,5,50
大雅區,11,12,0,1,8,1,5,60
北區,11,12,0,1,8,1,5,40
南屯區,11,12,0,1,8,1,5,50
豐原區,11,12,0,2,8,1,5,50
太平區,11,12,0,1,8,1,5,50
霧峰區,11,12,0,1,8,1,5,70
南區,11,13,0,2,8,1,5,50
大里區,11,13,0,2,8,1,5,40
南區,11,13,0,1,8,1,5,50
清水區,11,13,0,0,8,1,5,30
西區,11,13,0,0,8,1,5,50
大里區,11,13,0,1,8,1,5,50
龍井區,11,13,0,1,8,1,5,50
西屯區,11,13,0,2,8,1,5,30
西屯區,11,14,0,1,8,1,5,40
清水區,11,14,0,1,8,1,5,50
西屯區,11,14,0,2,8,1,5,40
南屯區,11,14,0,1,8,1,5,50
南屯區,11,14,0,1,8,1,5,40
西屯區,11,14,0,1,8,1,5,50
新社區,11,15,0,1,8,1,5,40
西區,11,15,0,0,8,1,5,50
大甲區,11,15,0,2,8,1,5,40
東區,11,15,0,1,8,1,5,50
北區,11,15,0,3,8,1,5,30
大里區,11,15,0,1,8,1,7,30
清水區,11,15,0,1,8,1,5,50
大里區,11,15,0,1,8,1,5,50
東區,11,15,0,1,8,1,5,40
烏日區,11,16,0,1,8,1,5,30
龍井區,11,16,0,4,8,1,5,50
梧棲區,11,16,0,2,8,1,5,70
西屯區,11,16,0,1,8,1,5,50
南區,11,16,0,1,8,1,5,1
龍井區,11,16,0,1,8,1,5,50
北區,11,16,0,1,8,1,5,50
東區,11,16,0,0,8,1,5,50
南屯區,11,16,0,1,8,1,5,5
北區,11,16,0,2,8,1,5,50
西屯區,11,16,0,2,8,1,5,50
南區,11,16,0,0,8,1,5,50
西屯區,11,17,0,2,8,1,5,50
龍井區,11,17,0,1,8,1,5,50
大里區,11,17,0,1,8,1,5,50
烏日區,11,17,0,1,8,1,5,50
西屯區,11,17,0,2,8,1,5,40
西屯區,11,17,0,1,8,1,5,50
沙鹿區,11,17,0,2,8,1,5,30
西區,11,17,0,1,8,2,5,50
烏日區,11,17,0,2,8,1,5,70
北區,11,17,0,3,8,1,5,50
豐原區,11,17,0,1,8,1,5,50
烏日區,11,17,0,2,8,1,5,40
龍井區,11,17,0,1,8,1,5,30
霧峰區,11,17,0,1,8,3,5,50
豐原區,11,18,0,1,8,1,5,50
清水區,11,18,0,1,8,3,5,50
南區,11,18,0,0,8,3,5,40
西屯區,11,18,0,1,8,3,5,30
西屯區,11,18,0,1,8,3,5,50
西屯區,11,18,0,1,8,3,5,50
太平區,11,18,0,1,8,3,5,50
沙鹿區,11,18,0,1,8,3,5,40
南屯區,11,19,0,2,8,3,5,40
豐原區,11,19,0,1,8,3,5,50
清水區,11,19,0,0,8,4,5,50
太平區,11,19,0,1,8,1,5,30
東區,11,19,0,1,8,1,5,50
西區,11,19,0,1,8,3,5,50
外埔區,11,19,0,1,8,3,5,50
西屯區,11,19,0,2,8,3,5,50
西區,11,19,0,1,8,3,5,50
北區,11,19,0,1,8,1,5,50
西區,11,20,0,2,8,3,5,50
南屯區,11,20,0,1,8,3,5,40
大里區,11,20,0,2,8,3,5,30
大里區,11,20,0,2,8,3,5,50
北區,11,20,0,2,8,3,5,50
外埔區,11,20,0,2,8,3,5,50
清水區,11,20,0,0,8,4,5,50
清水區,11,20,1,1,8,1,5,60
西屯區,11,21,0,1,8,1,5,40
南區,11,21,0,0,8,3,5,50
神岡區,11,22,0,1,8,3,5,30
南屯區,11,22,0,1,8,3,5,40
北屯區,11,22,0,1,8,3,5,50
中區,12,1,1,0,8,3,5,50
西屯區,12,3,0,4,8,3,5,40
太平區,12,6,0,0,8,1,5,40
沙鹿區,12,6,0,1,8,1,5,60
豐原區,12,7,0,1,8,1,5,50
北屯區,12,7,0,1,8,1,5,50
北區,12,7,0,2,8,1,5,40
北屯區,12,7,0,1,8,1,5,50
外埔區,12,7,0,0,8,1,5,50
清水區,12,7,0,1,8,1,5,30
北區,12,7,0,2,8,1,5,50
潭子區,12,7,0,1,8,1,5,60
北區,12,7,0,2,8,1,5,50
沙鹿區,12,8,0,1,8,1,5,50
西屯區,12,8,0,1,8,1,5,50
西屯區,12,8,0,1,8,1,5,50
西屯區,12,8,0,1,8,1,5,50
西屯區,12,8,0,2,8,1,5,50
大肚區,12,8,0,2,8,1,5,50
北區,12,8,0,2,8,1,5,50
西屯區,12,8,0,1,8,1,5,1
沙鹿區,12,8,0,1,8,1,5,60
潭子區,12,8,0,1,8,1,5,50
西區,12,8,0,1,8,1,5,40
東區,12,8,0,1,8,1,5,50
大雅區,12,9,0,1,8,1,5,60
外埔區,12,9,0,1,8,1,5,50
北屯區,12,9,0,1,8,1,5,50
北區,12,9,0,1,8,1,5,50
西屯區,12,9,0,1,8,1,5,50
神岡區,12,9,0,1,8,1,5,50
西屯區,12,9,0,1,8,1,5,50
西屯區,12,9,0,1,8,1,5,50
大甲區,12,9,0,1,8,1,5,60
西屯區,12,9,0,3,8,1,5,50
神岡區,12,9,0,1,8,1,5,50
神岡區,12,10,0,1,8,1,5,50
龍井區,12,10,0,1,8,1,5,30
外埔區,12,10,0,0,8,1,5,50
神岡區,12,10,0,1,8,1,5,50
北區,12,10,0,2,8,1,5,50
烏日區,12,10,0,2,8,1,5,40
中區,12,11,0,0,8,1,5,50
神岡區,12,12,0,2,8,1,5,30
北區,12,12,0,2,8,1,5,50
豐原區,12,12,0,1,8,1,5,50
北屯區,12,12,0,1,8,1,5,50
中區,12,12,0,1,8,1,5,50
北區,12,12,0,1,8,1,5,50
北屯區,12,12,0,1,8,1,5,50
大雅區,12,12,0,1,8,1,5,50
北屯區,12,12,0,4,8,1,5,50
南區,12,12,0,1,8,1,5,50
北區,12,12,0,1,8,1,5,50
神岡區,12,13,0,2,8,1,5,50
北屯區,12,13,0,1,8,1,5,50
西區,12,13,0,1,8,1,5,50
東區,12,13,0,1,8,1,5,50
太平區,12,14,0,1,8,1,5,50
霧峰區,12,14,0,1,8,1,5,50
北區,12,14,0,1,8,1,5,50
西屯區,12,14,0,2,8,1,5,40
北區,12,14,0,2,8,1,5,30
北區,12,15,0,1,8,1,5,50
大里區,12,15,0,1,8,1,5,50
東區,12,15,0,1,8,1,5,50
西區,12,15,0,0,8,1,5,50
大里區,12,15,0,3,8,1,5,50
龍井區,12,15,0,1,8,1,5,50
清水區,12,15,0,0,8,1,5,50
太平區,12,15,0,2,8,1,5,50
中區,12,15,0,0,8,1,5,50
龍井區,12,15,0,2,8,1,5,50
后里區,12,16,0,1,8,1,5,30
豐原區,12,16,0,1,8,1,5,60
太平區,12,17,0,1,8,2,5,50
西屯區,12,17,0,1,8,1,5,50
東勢區,12,17,0,1,8,1,5,50
神岡區,12,17,0,1,8,1,5,50
霧峰區,12,17,0,2,8,1,5,40
北區,12,17,0,1,8,1,5,50
霧峰區,12,17,0,1,8,1,5,50
中區,12,17,0,2,8,1,5,50
西區,12,17,0,2,8,1,5,50
烏日區,12,17,0,2,8,1,5,50
大甲區,12,17,0,1,8,1,5,30
東勢區,12,17,0,2,8,1,5,60
東勢區,12,17,0,1,8,1,5,50
西區,12,17,0,0,8,1,5,50
東區,12,17,0,1,8,2,5,50
霧峰區,12,17,0,1,8,1,5,70
西區,12,17,0,0,8,3,5,50
潭子區,12,17,0,1,8,2,5,50
南區,12,17,0,1,8,2,5,50
潭子區,12,18,0,1,8,2,5,50
南區,12,18,0,1,8,2,5,50
梧棲區,12,18,0,1,8,3,5,50
東勢區,12,18,0,2,8,3,5,60
霧峰區,12,18,0,3,8,3,5,40
西屯區,12,19,0,1,8,3,5,50
大里區,12,19,0,1,8,3,5,40
東區,12,19,0,4,8,3,5,50
西區,12,19,0,0,8,1,5,50
西屯區,12,19,0,1,8,3,5,50
外埔區,12,19,0,1,8,3,5,50
神岡區,12,19,0,1,8,3,5,30
潭子區,12,19,0,1,8,3,5,50
南屯區,12,19,0,1,8,3,5,50
西區,12,19,0,1,8,3,5,50
北區,12,20,0,1,8,3,5,50
大雅區,12,20,0,1,8,3,5,50
南屯區,12,20,0,1,8,3,5,40
南區,12,20,0,0,8,3,5,50
南屯區,12,20,0,1,8,3,5,30
西屯區,12,20,0,3,8,3,5,50
龍井區,12,20,0,2,8,1,8,30
西區,12,20,0,3,8,3,5,50
大甲區,12,20,0,1,8,3,5,50
南屯區,12,20,0,0,8,3,5,50
東區,12,20,0,2,8,3,5,50
南區,12,21,0,1,8,3,5,50
北區,12,21,0,1,8,3,5,50
南屯區,12,21,0,2,8,3,5,50
后里區,12,21,0,1,8,3,5,40
北屯區,12,21,0,1,8,3,5,50
霧峰區,12,21,0,1,8,3,5,70
西屯區,12,22,0,1,8,3,5,40
北屯區,12,22,0,1,8,3,5,50
大肚區,13,0,0,1,8,3,5,40
豐原區,13,0,0,2,8,3,5,50
龍井區,13,0,0,2,8,3,5,50
南屯區,13,1,0,1,8,3,5,50
西屯區,13,3,0,1,8,3,5,50
龍井區,13,5,0,2,8,3,5,40
北屯區,13,5,0,1,8,3,5,50
太平區,13,5,0,1,8,1,5,50
霧峰區,13,6,0,2,8,2,5,40
西屯區,13,6,0,2,8,1,5,50
龍井區,13,7,0,2,8,1,5,30
大雅區,13,7,0,1,8,1,5,50
西屯區,13,7,0,1,8,1,5,40
北區,13,7,0,1,8,1,5,50
烏日區,13,7,0,1,8,1,5,30
大甲區,13,7,0,2,8,1,5,50
西屯區,13,7,0,2,8,1,5,40
大甲區,13,8,0,1,8,1,5,50
烏日區,13,8,0,1,8,1,5,50
北區,13,8,0,1,8,1,5,50
龍井區,13,9,0,2,8,1,5,30
豐原區,13,9,0,2,8,1,5,50
潭子區,13,9,0,1,8,1,5,50
北屯區,13,9,0,1,8,1,5,40
大甲區,13,10,0,3,8,1,5,50
清水區,13,10,0,1,8,1,5,40
霧峰區,13,10,0,1,8,1,5,40
西區,13,10,0,1,8,1,5,40
北區,13,10,0,2,8,1,5,40
豐原區,13,10,0,2,8,1,5,60
大雅區,13,10,0,1,8,1,5,50
北區,13,10,0,2,8,1,5,50
豐原區,13,10,0,1,8,1,5,50
大安區,13,11,0,1,8,1,5,50
東勢區,13,11,0,1,8,1,5,50
南區,13,11,0,1,8,1,8,50
西屯區,13,11,0,1,8,1,5,50
南屯區,13,11,0,1,8,1,5,50
北屯區,13,11,0,1,8,1,5,50
龍井區,13,11,0,1,8,1,5,30
東區,13,11,0,1,8,1,5,50
西屯區,13,11,0,1,8,1,5,40
東區,13,11,0,1,8,1,5,50
南屯區,13,11,0,1,8,1,5,40
西屯區,13,11,0,1,8,1,5,50
西區,13,11,0,1,8,1,5,50
大安區,13,11,0,0,8,1,3,50
大肚區,13,11,0,1,8,1,5,40
南屯區,13,12,0,1,8,1,5,50
北屯區,13,12,0,1,8,1,5,30
沙鹿區,13,12,0,1,8,1,5,50
北區,13,12,0,1,8,1,5,50
龍井區,13,12,0,1,8,1,5,30
北區,13,12,0,1,8,1,5,50
清水區,13,12,0,1,8,1,5,50
大肚區,13,12,0,1,8,1,5,70
梧棲區,13,13,0,1,8,1,5,60
北區,13,13,0,2,8,1,5,50
北區,13,13,0,1,8,1,5,50
南屯區,13,13,0,1,8,1,5,50
沙鹿區,13,13,0,4,8,1,5,50
外埔區,13,13,0,1,8,1,5,40
南屯區,13,13,0,1,8,1,5,50
南區,13,14,0,0,8,1,5,50
西屯區,13,14,0,2,8,1,5,40
烏日區,13,14,0,1,8,1,5,15
梧棲區,13,14,0,1,8,1,5,40
北區,13,14,0,3,8,1,5,40
梧棲區,13,14,0,2,8,1,5,50
西區,13,14,0,1,8,1,5,50
東區,13,14,0,0,8,1,5,50
北區,13,14,0,1,8,1,5,50
東區,13,14,0,1,8,1,5,50
豐原區,13,15,0,3,8,1,5,50
北屯區,13,15,0,1,8,1,5,50
西屯區,13,15,0,1,8,1,5,50
北區,13,15,0,2,8,1,5,50
南屯區,13,15,0,2,8,1,5,50
南區,13,15,0,0,8,1,5,40
西區,13,15,0,0,8,1,5,50
北屯區,13,16,0,2,8,1,5,50
梧棲區,13,16,0,1,8,1,5,50
南屯區,13,16,0,1,8,1,5,50
外埔區,13,17,0,1,8,1,5,50
霧峰區,13,17,0,1,8,1,5,70
西屯區,13,17,0,1,8,1,5,1
龍井區,13,17,0,1,8,1,5,50
北區,13,17,0,2,8,1,5,40
神岡區,13,17,0,1,8,1,5,50
梧棲區,13,17,0,1,8,1,5,50
南屯區,13,17,0,1,8,2,5,50
大甲區,13,17,0,2,8,1,5,50
南區,13,17,0,1,8,2,5,40
豐原區,13,17,0,1,8,1,5,50
大里區,13,17,0,0,8,1,5,50
大里區,13,17,0,1,8,3,5,50
西屯區,13,18,0,2,8,3,5,50
北屯區,13,18,0,1,8,3,5,50
龍井區,13,18,0,1,8,3,5,30
大雅區,13,18,0,1,8,3,5,50
北屯區,13,19,0,1,8,3,5,50
北區,13,19,0,1,8,3,5,50
南屯區,13,20,0,1,8,3,5,50
烏日區,13,20,0,1,8,3,5,50
神岡區,13,20,0,2,8,3,5,50
清水區,13,20,0,1,8,3,5,40
南屯區,13,20,0,2,8,3,5,50
北區,13,21,0,1,8,3,5,50
西區,13,21,0,1,8,3,5,50
西區,13,21,0,1,8,1,8,50
太平區,13,21,0,1,8,3,5,50
潭子區,13,21,0,2,8,3,5,50
西屯區,13,21,0,1,8,3,5,50
潭子區,13,21,0,1,8,3,5,60
北屯區,13,21,0,3,8,3,5,30
西屯區,13,21,0,3,8,3,5,40
后里區,13,21,0,1,7,3,5,50
東區,13,22,0,1,8,3,5,50
西屯區,13,22,0,2,8,3,5,40
大肚區,13,22,0,1,8,3,5,40
南屯區,13,22,0,2,8,3,5,50
豐原區,13,22,0,2,8,1,5,50
清水區,13,22,0,0,8,3,5,70
烏日區,13,22,0,1,8,3,5,60
北屯區,13,23,0,1,8,3,5,50
大里區,13,23,0,2,8,3,5,50
沙鹿區,13,23,0,1,8,3,5,40
北區,14,0,0,1,8,3,5,50
梧棲區,14,0,0,2,8,3,5,50
北區,14,1,0,2,8,3,5,50
烏日區,14,6,0,2,8,1,5,50
北屯區,14,7,0,1,8,1,5,50
東區,14,7,0,1,8,1,5,50
清水區,14,8,0,2,8,1,5,30
南屯區,14,8,0,2,8,1,5,50
太平區,14,8,0,1,8,1,5,50
南屯區,14,8,0,1,8,1,5,50
神岡區,14,9,0,1,8,1,5,50
龍井區,14,9,0,1,8,1,5,50
大雅區,14,9,0,1,8,1,5,30
東區,14,9,0,1,8,1,5,50
北屯區,14,9,0,1,8,1,5,50
神岡區,14,10,0,1,8,1,5,30
太平區,14,10,0,1,8,1,5,30
新社區,14,10,0,1,8,1,5,40
大甲區,14,10,0,4,8,1,5,40
南屯區,14,10,0,1,8,1,5,50
北屯區,14,10,0,1,8,1,5,50
南屯區,14,10,0,2,8,1,5,50
潭子區,14,11,0,1,8,1,5,50
潭子區,14,11,0,1,8,1,5,50
沙鹿區,14,11,0,1,8,1,5,50
大甲區,14,11,0,2,8,1,5,50
神岡區,14,11,0,1,8,1,5,50
西區,14,12,0,1,8,1,5,50
南屯區,14,12,0,3,8,1,5,50
沙鹿區,14,12,0,2,8,3,5,40
大肚區,14,12,0,1,8,1,5,50
西屯區,14,12,0,1,8,1,5,50
東區,14,12,0,1,8,1,5,50
西屯區,14,12,0,2,8,1,5,50
北區,14,12,0,1,8,1,5,50
后里區,14,13,0,0,8,1,5,30
清水區,14,13,0,2,8,1,5,50
北屯區,14,13,0,1,8,1,5,40
神岡區,14,13,0,1,8,1,5,30
清水區,14,13,0,1,8,1,5,50
東勢區,14,13,0,1,8,1,5,50
北區,14,13,0,1,8,1,5,1
大安區,14,13,0,1,8,1,5,60
北屯區,14,13,0,1,8,1,5,50
西屯區,14,13,0,1,8,1,5,40
北屯區,14,13,0,3,8,1,5,50
大肚區,14,13,0,1,8,1,5,30
東區,14,13,0,1,8,1,5,50
清水區,14,13,0,3,8,1,5,50
北屯區,14,14,0,1,8,1,5,50
清水區,14,14,0,3,8,1,5,40
南屯區,14,14,0,2,8,1,5,50
北屯區,14,14,0,1,8,1,5,30
北屯區,14,14,0,2,8,1,7,80
大甲區,14,14,0,1,8,1,5,50
清水區,14,14,0,0,8,1,5,40
沙鹿區,14,14,0,1,8,1,5,1
東區,14,14,0,2,8,1,5,50
西屯區,14,14,0,1,8,1,5,50
東區,14,15,0,1,8,1,5,40
太平區,14,15,0,1,8,1,5,50
外埔區,14,15,0,0,8,1,5,50
太平區,14,15,0,1,8,1,5,50
豐原區,14,15,0,1,8,1,5,50
北屯區,14,15,0,1,8,1,5,50
西屯區,14,15,0,1,8,1,5,40
南屯區,14,15,0,1,8,1,5,50
南屯區,14,15,0,2,8,3,5,50
豐原區,14,16,0,1,8,1,5,50
北區,14,16,0,2,8,1,5,50
大甲區,14,16,0,1,8,1,5,50
西屯區,14,16,0,1,8,1,5,1
霧峰區,14,16,0,1,8,1,5,30
外埔區,14,16,0,1,8,1,5,50
西屯區,14,17,0,1,8,1,5,50
西區,14,17,0,1,8,1,5,50
東勢區,14,17,0,1,8,1,5,50
龍井區,14,17,0,1,8,1,5,30
西屯區,14,17,0,1,8,2,5,50
南區,14,17,0,1,8,1,5,50
清水區,14,17,0,1,8,2,5,70
西屯區,14,17,0,2,8,1,8,50
龍井區,14,17,0,2,8,1,5,50
梧棲區,14,17,0,1,8,2,5,40
后里區,14,18,0,2,8,2,5,50
北區,14,18,0,1,8,3,5,50
東區,14,18,0,1,8,3,5,40
太平區,14,18,0,1,8,3,5,50
南屯區,14,18,0,1,8,3,5,50
大甲區,14,18,0,1,8,3,5,50
南屯區,14,18,0,1,8,3,5,50
豐原區,14,19,0,1,8,3,5,50
清水區,14,19,0,2,8,2,5,50
豐原區,14,19,0,1,8,3,5,50
龍井區,14,19,0,1,8,3,5,50
南區,14,19,0,2,8,3,5,50
西屯區,14,20,0,2,8,1,5,50
北屯區,14,20,0,2,8,3,5,50
南屯區,14,21,0,1,8,3,5,50
西屯區,14,21,0,4,8,3,5,50
大安區,14,22,0,1,8,3,5,50
外埔區,14,22,0,0,8,3,5,50
后里區,14,22,0,0,8,3,5,50
新社區,14,22,0,2,8,3,5,50
東區,14,22,0,1,8,3,5,50
北區,14,22,0,1,8,3,5,50
西屯區,14,22,0,1,8,3,5,50
豐原區,14,23,0,1,8,3,5,60
大肚區,14,23,0,1,8,3,5,70
后里區,14,23,0,0,8,3,5,30
南屯區,15,2,0,1,8,3,5,50
霧峰區,15,5,0,1,8,2,5,50
西區,15,5,0,1,8,2,5,50
大甲區,15,6,0,1,8,1,5,40
沙鹿區,15,6,0,2,8,1,5,40
西區,15,6,0,0,8,1,5,50
北屯區,15,7,0,2,8,1,5,50
大安區,15,7,0,1,8,1,5,50
豐原區,15,7,0,1,8,1,5,50
北區,15,7,0,2,8,1,5,50
南區,15,7,0,1,8,1,5,50
潭子區,15,7,0,1,8,1,5,50
北屯區,15,7,0,1,8,1,5,50
梧棲區,15,7,0,1,8,1,5,30
梧棲區,15,7,0,1,8,1,5,60
烏日區,15,8,0,1,8,1,5,70
沙鹿區,15,8,0,1,8,1,5,30
南屯區,15,8,0,1,8,1,5,50
潭子區,15,8,0,1,8,1,5,50
北屯區,15,8,0,1,8,1,5,50
外埔區,15,8,0,1,8,1,5,50
南屯區,15,8,0,2,8,1,5,40
烏日區,15,8,0,1,8,1,5,50
南區,15,8,0,1,8,1,5,50
南屯區,15,8,0,1,8,1,5,40
北屯區,15,9,0,2,8,1,5,50
太平區,15,9,0,1,8,1,5,50
南屯區,15,9,0,2,8,1,5,50
東區,15,9,0,2,8,1,5,30
南屯區,15,9,0,1,8,1,5,50
大肚區,15,9,0,2,8,1,5,50
西屯區,15,9,0,2,8,1,5,50
龍井區,15,9,0,1,8,1,5,50
北區,15,9,0,1,8,1,5,50
北區,15,10,0,1,8,1,5,50
梧棲區,15,10,0,1,8,1,5,70
北屯區,15,10,0,1,8,1,5,50
后里區,15,10,0,1,8,1,5,50
大肚區,15,11,0,1,8,1,5,50
西屯區,15,11,0,1,8,1,5,40
南屯區,15,11,0,0,8,1,5,50
東勢區,15,11,0,1,8,1,5,50
清水區,15,11,1,0,8,1,5,50
清水區,15,11,0,1,8,1,5,70
大里區,15,12,1,0,8,1,5,40
梧棲區,15,12,0,1,8,1,5,40
太平區,15,12,0,1,8,1,5,30
南屯區,15,12,0,1,8,1,5,50
西區,15,12,0,1,8,1,5,50
西區,15,12,0,0,8,1,5,50
南區,15,12,0,2,8,1,5,50
龍井區,15,12,0,1,8,1,5,50
南屯區,15,12,0,1,8,1,5,50
東區,15,12,0,1,8,1,5,50
南區,15,12,0,1,8,1,5,40
南屯區,15,13,0,1,8,1,5,50
東區,15,13,0,1,8,1,5,50
北屯區,15,13,0,1,8,1,5,50
后里區,15,13,0,0,8,1,5,50
清水區,15,13,0,1,8,1,5,50
南區,15,13,0,2,8,1,5,50
西區,15,14,0,1,8,1,5,50
霧峰區,15,14,0,1,8,1,5,50
北屯區,15,14,0,1,8,1,5,30
西區,15,14,0,2,8,1,5,50
東區,15,15,0,2,8,1,5,50
北區,15,15,0,2,8,1,5,40
沙鹿區,15,15,0,1,8,1,5,50
北屯區,15,15,0,1,8,1,5,50
大安區,15,15,0,1,8,1,5,60
潭子區,15,15,0,1,8,1,5,50
北屯區,15,16,0,2,8,1,5,50
大里區,15,16,0,1,8,1,5,50
東區,15,16,0,1,8,1,5,50
西屯區,15,16,0,1,8,1,5,50
豐原區,15,16,0,1,8,1,5,30
烏日區,15,16,0,1,8,1,5,50
大里區,15,17,0,1,8,1,5,60
大甲區,15,17,0,1,8,1,5,50
大肚區,15,17,0,1,8,1,5,50
神岡區,15,17,0,1,8,1,5,50
太平區,15,17,0,1,8,1,5,50
南區,15,17,0,0,8,1,5,50
西屯區,15,17,0,2,8,1,5,40
沙鹿區,15,17,0,1,8,1,5,50
神岡區,15,17,0,1,8,1,5,50
豐原區,15,17,0,2,8,2,5,50
西屯區,15,17,0,1,8,2,5,30
南屯區,15,17,0,1,8,1,5,50
梧棲區,15,17,0,2,8,3,5,30
南屯區,15,18,0,1,8,1,5,50
南區,15,18,0,1,8,3,5,50
大甲區,15,18,0,1,8,3,5,50
西屯區,15,18,0,2,8,2,5,50
潭子區,15,18,0,2,8,3,5,50
西屯區,15,18,0,1,8,3,5,50
西屯區,15,18,0,1,8,2,5,50
太平區,15,18,0,2,8,3,5,30
西屯區,15,19,0,2,8,3,5,40
北區,15,19,0,1,8,3,5,50
霧峰區,15,19,0,2,8,3,5,50
西區,15,20,0,2,8,1,5,50
梧棲區,15,20,0,1,8,3,5,50
大雅區,15,20,0,2,8,3,5,50
北區,15,20,0,2,8,4,5,50
豐原區,15,20,0,3,8,3,5,50
北區,15,20,0,2,8,1,5,50
北屯區,15,20,1,1,8,3,5,50
南屯區,15,20,0,0,8,3,5,50
北屯區,15,20,0,2,8,3,5,40
北區,15,20,0,1,8,1,5,50
沙鹿區,15,21,0,1,8,1,5,50
大里區,15,21,0,2,8,3,5,50
豐原區,15,21,0,1,8,3,5,50
太平區,15,21,0,1,8,3,5,50
南屯區,15,22,0,1,8,3,5,40
大里區,15,22,0,2,8,1,5,30
南區,15,22,0,2,8,3,5,30
北區,16,0,0,0,8,1,5,50
梧棲區,16,0,0,1,8,3,5,30
南區,16,0,0,1,7,3,5,50
清水區,16,4,0,1,8,3,5,30
清水區,16,5,0,1,8,3,5,50
神岡區,16,6,0,1,8,1,5,50
北屯區,16,6,0,2,8,1,5,40
太平區,16,6,0,1,8,1,5,30
龍井區,16,6,0,1,8,1,5,40
中區,16,6,0,1,8,1,5,50
豐原區,16,6,0,1,8,1,5,50
西屯區,16,7,0,1,8,1,5,50
沙鹿區,16,7,0,1,8,2,5,50
龍井區,16,7,0,2,8,1,5,30
龍井區,16,7,0,3,8,1,5,50
梧棲區,16,7,0,1,8,1,5,50
大肚區,16,7,0,1,8,1,5,30
大甲區,16,7,0,1,8,1,5,60
西屯區,16,7,0,1,8,1,5,50
大里區,16,7,0,1,8,1,5,50
烏日區,16,7,0,1,8,1,5,30
西屯區,16,7,0,2,8,1,5,50
豐原區,16,7,0,2,8,1,5,50
北區,16,7,0,1,8,1,5,50
烏日區,16,7,0,1,8,1,5,40
南屯區,16,7,0,1,8,1,5,50
大肚區,16,8,0,1,8,1,5,50
南屯區,16,8,0,1,8,1,5,50
大里區,16,8,0,1,8,1,5,30
南屯區,16,8,0,2,8,1,5,50
北屯區,16,8,0,1,8,1,5,50
西區,16,8,0,1,8,1,5,1
西屯區,16,8,0,2,8,1,5,50
后里區,16,9,0,1,8,1,5,50
西屯區,16,10,0,2,8,1,5,1
清水區,16,10,0,1,8,1,5,50
南屯區,16,10,0,1,8,1,5,50
南區,16,10,0,3,8,1,5,50
中區,16,10,0,1,8,1,5,50
烏日區,16,11,0,2,8,1,5,40
烏日區,16,11,0,1,8,1,5,40
南屯區,16,11,0,1,8,1,5,50
西屯區,16,11,0,1,8,1,5,50
南屯區,16,11,0,1,8,1,5,50
南區,16,11,0,1,8,1,5,50
南屯區,16,11,0,1,8,1,5,40
烏日區,16,11,0,1,8,1,5,30
沙鹿區,16,12,0,1,8,1,5,40
豐原區,16,12,0,1,8,1,5,50
太平區,16,12,0,1,8,1,5,50
南區,16,12,0,2,8,1,5,30
大肚區,16,12,0,1,8,1,5,50
神岡區,16,12,0,1,8,1,5,50
北屯區,16,12,0,3,8,1,5,50
東區,16,12,0,1,8,1,5,50
石岡區,16,12,0,1,8,1,5,70
南屯區,16,12,0,1,8,1,5,50
東區,16,12,0,2,8,1,5,50
豐原區,16,13,0,2,8,1,5,50
豐原區,16,13,0,1,8,1,5,50
西屯區,16,13,0,1,8,1,5,50
西屯區,16,13,0,1,8,1,8,50
南區,16,13,0,1,8,1,5,50
南區,16,13,0,1,8,1,5,50
西區,16,13,0,0,8,1,5,50
西屯區,16,14,0,1,8,1,5,50
北區,16,14,0,2,8,1,5,50
豐原區,16,14,0,1,8,1,5,50
南屯區,16,14,0,1,8,1,5,50
西屯區,16,14,0,1,8,1,5,50
霧峰區,16,14,0,1,8,1,5,50
東區,16,14,0,1,8,1,5,50
霧峰區,16,14,0,1,8,1,5,30
沙鹿區,16,14,0,2,8,1,5,50
豐原區,16,14,0,2,8,1,5,50
南屯區,16,14,0,1,8,1,5,50
大里區,16,15,0,1,8,1,5,30
豐原區,16,15,0,1,8,1,5,50
南屯區,16,15,0,1,8,1,5,50
潭子區,16,15,0,1,8,1,5,50
豐原區,16,15,0,1,8,1,5,30
太平區,16,16,0,2,8,1,5,50
豐原區,16,16,0,1,8,1,5,60
西屯區,16,16,0,1,8,1,5,1
中區,16,16,0,1,8,1,5,50
烏日區,16,16,0,1,8,1,5,30
北區,16,16,0,1,8,1,5,50
大甲區,16,16,0,2,8,1,5,50
北區,16,17,0,1,8,1,5,50
神岡區,16,17,0,1,8,1,5,50
豐原區,16,17,0,2,8,1,5,50
后里區,16,17,0,0,8,1,5,50
北屯區,16,17,0,3,8,1,8,50
烏日區,16,17,0,1,8,1,5,40
大甲區,16,17,0,2,8,1,5,50
梧棲區,16,17,0,1,8,1,5,50
清水區,16,17,0,1,8,2,5,30
沙鹿區,16,17,0,2,8,1,5,40
清水區,16,17,0,1,8,2,5,40
梧棲區,16,17,0,1,8,1,5,50
南屯區,16,17,0,1,8,1,5,50
南屯區,16,17,0,0,8,3,5,50
霧峰區,16,17,0,1,8,2,5,70
大甲區,16,17,0,1,8,1,5,40
神岡區,16,18,0,1,7,2,5,30
大里區,16,18,0,1,8,1,5,50
外埔區,16,18,0,1,7,3,5,50
西屯區,16,18,0,1,8,1,5,40
中區,16,18,0,1,8,1,5,50
龍井區,16,18,0,1,8,3,5,50
南屯區,16,18,0,0,8,3,5,50
潭子區,16,18,0,1,8,3,5,30
外埔區,16,18,0,0,8,3,5,50
西屯區,16,18,0,1,8,1,5,30
大肚區,16,18,0,3,8,3,5,70
西區,16,19,0,1,8,1,5,50
大雅區,16,19,0,1,8,3,5,50
西區,16,19,0,1,8,3,5,50
沙鹿區,16,19,0,1,8,3,5,50
大里區,16,19,0,1,8,3,5,50
潭子區,16,19,0,0,8,3,5,50
南屯區,16,19,0,2,8,3,5,50
北屯區,16,19,0,2,8,3,5,50
清水區,16,19,0,0,8,3,5,70
西屯區,16,19,0,2,8,1,5,50
大甲區,16,19,0,1,8,4,5,50
北區,16,19,0,2,8,3,5,50
沙鹿區,16,19,0,1,8,3,5,50
豐原區,16,19,0,1,8,3,5,50
龍井區,16,20,0,1,8,3,5,70
南區,16,20,0,1,8,3,5,40
南區,16,20,0,1,8,3,5,50
潭子區,16,20,0,2,8,3,5,50
南屯區,16,20,0,1,8,3,5,30
沙鹿區,16,21,0,1,8,3,5,60
南區,16,21,0,1,8,3,5,50
烏日區,16,21,0,1,8,3,5,50
北屯區,16,21,0,1,8,3,5,50
西屯區,16,21,0,1,8,1,5,40
霧峰區,16,22,0,2,8,3,5,50
大甲區,16,22,0,2,8,3,5,70
太平區,16,22,0,1,8,3,5,50
東區,16,23,0,0,8,3,5,50
大里區,17,1,0,1,8,3,5,50
梧棲區,17,7,0,0,8,1,5,30
南屯區,17,7,0,1,8,1,5,50
北屯區,17,7,0,2,8,1,5,50
北區,17,7,0,1,8,1,5,40
西屯區,17,7,0,1,8,1,5,50
后里區,17,7,0,1,8,1,5,60
南屯區,17,7,0,1,8,1,5,50
西屯區,17,7,0,1,8,1,5,50
北區,17,7,0,2,8,1,5,50
南屯區,17,7,0,3,8,1,5,50
南屯區,17,7,0,2,8,1,5,50
南屯區,17,7,0,1,8,1,5,50
大肚區,17,7,0,1,8,1,5,50
大甲區,17,7,0,1,8,1,5,50
豐原區,17,7,0,1,8,1,5,50
太平區,17,7,0,2,8,1,5,50
南屯區,17,7,0,2,8,1,5,50
神岡區,17,8,0,1,8,1,5,50
南屯區,17,8,0,2,8,1,5,50
烏日區,17,8,0,2,8,1,5,50
龍井區,17,8,0,1,8,1,5,40
沙鹿區,17,8,0,1,8,1,5,50
西區,17,8,0,1,8,1,5,50
北區,17,8,0,1,8,1,5,50
北屯區,17,8,0,1,8,1,5,50
大里區,17,8,0,2,8,1,5,30
烏日區,17,8,0,1,8,1,5,70
神岡區,17,8,0,1,8,1,5,50
南屯區,17,8,0,1,8,1,5,50
西屯區,17,9,0,2,8,1,5,40
沙鹿區,17,9,0,1,8,1,5,50
霧峰區,17,9,0,1,8,1,5,50
南屯區,17,9,0,1,8,1,5,50
大肚區,17,9,0,1,8,1,5,30
沙鹿區,17,9,0,1,8,1,5,50
大肚區,17,9,0,1,8,1,5,70
沙鹿區,17,9,0,2,8,1,5,50
大甲區,17,9,0,1,8,1,5,50
烏日區,17,9,1,0,8,1,5,30
烏日區,17,10,0,1,8,1,5,60
西區,17,10,0,2,8,1,5,50
西屯區,17,10,0,2,8,1,5,40
北區,17,10,0,1,8,1,5,50
南區,17,10,0,0,8,1,5,50
西屯區,17,10,0,1,8,1,5,50
豐原區,17,10,0,1,8,1,5,30
北區,17,10,0,1,8,1,5,40
大甲區,17,10,0,1,8,1,5,50
西區,17,10,0,1,8,1,5,50
東區,17,11,0,2,8,1,5,50
南屯區,17,11,0,2,8,1,5,50
沙鹿區,17,11,0,2,8,1,5,30
清水區,17,11,0,1,8,1,5,50
外埔區,17,11,0,1,8,1,5,50
大里區,17,11,0,2,8,1,5,50
中區,17,11,0,2,8,1,5,50
神岡區,17,11,0,1,8,1,5,40
南屯區,17,11,0,1,8,1,5,50
北區,17,12,0,1,8,1,5,50
南屯區,17,12,0,1,8,1,5,50
豐原區,17,12,0,1,8,1,5,30
南屯區,17,12,0,1,8,1,5,50
北屯區,17,12,0,1,8,1,5,50
龍井區,17,12,0,1,8,1,5,30
南屯區,17,12,0,1,8,1,5,50
西區,17,12,0,1,8,1,5,50
北區,17,12,0,2,8,1,5,50
南區,17,12,0,1,8,1,5,50
龍井區,17,12,0,2,8,1,5,40
太平區,17,12,0,1,8,1,5,50
南屯區,17,13,0,1,8,1,5,40
霧峰區,17,13,0,1,8,1,5,50
北區,17,13,0,2,8,1,5,50
大里區,17,13,0,1,8,1,5,50
豐原區,17,14,0,1,8,1,5,30
新社區,17,14,0,2,8,1,5,30
西屯區,17,14,0,3,8,1,5,50
龍井區,17,15,0,1,8,1,5,30
南區,17,15,0,2,8,1,5,50
南屯區,17,15,0,2,8,1,5,50
霧峰區,17,15,0,1,8,1,5,50
西區,17,15,0,0,8,1,5,50
西屯區,17,16,0,1,8,1,5,40
南屯區,17,16,0,1,8,1,5,50
西屯區,17,16,0,2,8,1,5,50
南屯區,17,16,0,0,8,1,5,50
北區,17,16,0,4,8,1,5,50
龍井區,17,16,0,1,8,1,5,40
大雅區,17,16,0,1,8,1,5,50
南屯區,17,16,0,1,8,1,5,50
南屯區,17,17,0,1,8,1,5,50
北屯區,17,17,0,2,8,1,5,50
潭子區,17,17,0,1,8,1,5,40
神岡區,17,17,0,1,8,1,5,50
神岡區,17,17,0,2,8,1,5,50
西屯區,17,17,0,1,8,1,5,80
大甲區,17,17,0,2,8,1,5,30
西區,17,17,0,1,8,1,5,50
南屯區,17,17,0,1,8,1,5,50
東區,17,17,0,0,8,2,5,50
烏日區,17,17,0,1,8,1,5,40
霧峰區,17,18,0,1,8,3,5,30
大肚區,17,18,0,1,8,2,5,50
梧棲區,17,18,0,1,8,1,5,40
西屯區,17,18,0,1,8,3,5,50
北屯區,17,18,0,1,8,3,5,50
東區,17,18,0,1,8,3,5,50
豐原區,17,18,0,2,8,3,5,50
北屯區,17,18,0,2,8,3,5,50
南區,17,19,0,2,8,3,5,50
南屯區,17,19,0,1,8,3,5,50
霧峰區,17,19,0,2,8,3,5,30
北區,17,19,0,2,8,3,5,50
潭子區,17,19,0,1,8,3,5,50
北屯區,17,19,0,2,8,3,5,50
龍井區,17,19,0,1,8,4,5,70
沙鹿區,17,19,0,2,8,3,5,50
豐原區,17,19,0,1,8,1,5,50
北屯區,17,20,0,2,8,3,5,50
豐原區,17,20,0,1,8,3,5,50
太平區,17,20,0,1,8,3,5,30
太平區,17,20,0,1,8,3,5,30
北區,17,20,0,1,8,3,5,50
大甲區,17,20,0,1,8,3,5,50
西區,17,21,0,1,8,3,5,50
龍井區,17,21,0,1,8,3,5,50
大甲區,17,21,0,2,8,3,5,50
大里區,17,21,0,1,8,3,5,50
北屯區,17,22,0,1,8,3,5,50
北區,17,22,0,1,8,3,5,50
龍井區,17,22,0,3,8,3,5,50
太平區,17,22,0,1,8,3,5,50
沙鹿區,17,23,0,1,8,3,5,50
豐原區,18,0,0,1,8,3,5,50
南屯區,18,1,0,2,8,3,5,50
豐原區,18,2,0,1,7,3,5,50
西屯區,18,3,0,1,8,1,5,40
南區,18,3,1,2,8,3,5,50
豐原區,18,5,0,2,7,3,5,50
西屯區,18,6,0,1,8,1,5,40
大雅區,18,6,0,1,8,1,5,50
南屯區,18,7,0,1,8,3,5,30
南屯區,18,7,0,1,8,1,5,50
烏日區,18,7,0,1,8,1,5,60
南屯區,18,7,0,3,8,1,5,50
豐原區,18,7,0,2,8,1,5,50
西屯區,18,7,0,1,8,1,5,50
龍井區,18,7,0,1,8,1,5,50
大里區,18,7,0,1,8,1,5,50
北區,18,7,0,1,8,1,5,30
沙鹿區,18,7,0,0,8,1,5,40
太平區,18,7,0,1,8,1,5,50
大安區,18,8,0,1,8,1,5,30
烏日區,18,8,0,1,8,1,5,50
豐原區,18,8,0,2,8,1,5,50
西屯區,18,8,0,2,8,1,5,50
烏日區,18,8,0,0,8,1,5,40
后里區,18,8,0,1,8,1,5,50
北區,18,8,0,1,8,1,5,50
西屯區,18,8,0,2,8,1,5,40
南屯區,18,8,0,1,8,1,5,50
南區,18,8,0,2,8,1,5,50
龍井區,18,9,0,1,8,1,5,50
北區,18,9,0,1,8,1,5,50
太平區,18,9,0,1,8,1,5,50
西區,18,9,0,0,8,1,5,50
外埔區,18,9,0,0,8,1,5,50
大肚區,18,9,0,1,8,1,5,50
新社區,18,9,0,0,8,1,5,50
西區,18,9,0,1,8,1,5,50
東區,18,9,0,1,8,1,5,50
北區,18,9,0,1,8,1,5,1
豐原區,18,9,0,2,8,1,5,30
豐原區,18,9,0,2,8,1,5,50
大肚區,18,10,0,2,8,1,5,60
后里區,18,10,0,1,8,1,5,50
大里區,18,10,0,1,8,1,5,50
豐原區,18,10,0,2,8,1,5,50
清水區,18,10,0,0,8,1,5,50
太平區,18,10,0,1,7,1,5,50
西屯區,18,10,0,1,8,1,5,50
西區,18,10,0,0,8,1,5,50
北區,18,11,0,1,8,1,5,50
西區,18,11,0,1,8,1,5,50
南區,18,11,0,1,8,1,5,40
西區,18,11,0,2,8,1,5,50
沙鹿區,18,11,0,1,8,1,5,50
霧峰區,18,11,0,1,8,1,5,50
龍井區,18,11,0,1,8,1,5,50
梧棲區,18,12,0,1,8,1,5,30
大里區,18,12,0,0,8,1,5,50
北區,18,12,0,3,8,1,5,50
東區,18,12,0,2,8,1,5,50
豐原區,18,12,0,2,8,1,5,50
清水區,18,12,0,0,8,1,5,40
梧棲區,18,12,0,1,8,1,5,50
神岡區,18,13,0,3,8,1,5,40
神岡區,18,13,0,1,8,1,5,50
西區,18,13,0,1,8,1,5,40
西屯區,18,13,0,2,8,1,5,50
后里區,18,13,0,1,8,1,5,30
大肚區,18,14,0,2,8,1,5,30
東區,18,14,0,1,8,1,5,50
北區,18,14,0,1,8,1,5,50
沙鹿區,18,14,0,1,8,1,5,40
南屯區,18,14,0,1,8,1,5,50
西屯區,18,14,0,2,8,1,5,50
西區,18,14,0,1,8,1,5,50
南屯區,18,15,0,1,8,1,5,50
西區,18,15,0,1,8,1,5,50
西屯區,18,15,0,1,8,1,5,30
大甲區,18,15,0,1,8,1,5,70
烏日區,18,15,0,1,8,1,5,40
豐原區,18,15,0,1,8,1,5,50
豐原區,18,16,0,1,8,1,5,50
后里區,18,16,0,0,8,1,6,50
南屯區,18,16,0,2,8,1,5,50
北屯區,18,16,0,1,8,1,5,40
大里區,18,16,0,1,8,1,5,30
豐原區,18,16,0,1,8,1,5,50
豐原區,18,16,0,1,8,1,5,50
大里區,18,16,0,2,8,1,5,50
太平區,18,16,0,1,8,1,5,30
霧峰區,18,17,0,1,8,2,5,30
潭子區,18,17,0,0,8,1,5,50
大里區,18,17,0,2,8,1,5,50
南屯區,18,17,0,0,8,1,5,50
西屯區,18,17,0,1,8,1,5,1
新社區,18,17,0,1,8,1,5,50
南屯區,18,17,0,2,8,1,5,50
后里區,18,17,0,1,8,1,5,30
大甲區,18,17,0,1,8,1,5,50
后里區,18,17,0,2,8,1,5,50
大里區,18,17,0,1,8,1,5,50
霧峰區,18,17,0,1,8,1,5,30
西區,18,17,0,1,8,1,5,50
北區,18,17,0,1,8,1,5,50
西屯區,18,17,0,1,8,1,5,40
南區,18,17,0,1,8,2,5,50
東區,18,17,0,1,8,2,5,40
大甲區,18,17,0,1,8,1,5,50
豐原區,18,17,0,1,8,1,5,50
北區,18,17,0,1,8,1,5,50
豐原區,18,17,0,1,8,1,5,50
豐原區,18,18,0,1,8,3,5,50
南屯區,18,18,0,1,8,1,5,50
南屯區,18,18,0,2,8,3,5,50
南屯區,18,18,0,0,8,3,5,50
北屯區,18,18,0,1,8,3,5,50
南屯區,18,18,0,2,8,3,5,50
豐原區,18,18,0,1,8,3,5,50
南屯區,18,18,0,1,8,3,5,50
烏日區,18,19,0,1,8,2,5,50
烏日區,18,19,0,1,8,3,5,50
沙鹿區,18,19,0,1,8,3,5,50
霧峰區,18,19,0,2,8,3,5,40
大里區,18,19,0,2,8,3,5,50
清水區,18,19,0,1,8,3,5,50
豐原區,18,19,0,1,8,3,5,50
南屯區,18,19,0,0,8,3,5,50
大里區,18,19,0,1,8,3,5,50
神岡區,18,20,0,1,8,1,5,30
大甲區,18,20,0,2,8,3,5,30
豐原區,18,20,0,2,7,3,5,50
清水區,18,20,0,3,8,3,5,50
烏日區,18,20,0,0,8,3,6,40
南屯區,18,20,0,1,8,3,5,50
霧峰區,18,20,0,1,8,3,5,40
東區,18,21,0,1,8,1,5,50
太平區,18,21,0,1,8,3,5,50
西屯區,18,22,0,2,7,3,5,30
北區,18,22,0,2,7,3,5,50
南區,18,22,0,1,8,1,5,50
北區,18,22,0,1,8,3,5,50
東勢區,18,22,0,1,7,3,5,60
大雅區,18,23,0,2,8,4,5,50
大里區,19,0,0,1,8,3,5,50
西區,19,0,0,1,8,3,5,50
西屯區,19,4,0,1,8,3,5,40
中區,19,4,0,1,8,3,5,50
豐原區,19,6,0,1,8,2,5,50
大肚區,19,6,0,1,8,1,5,50
太平區,19,6,0,2,8,1,5,30
后里區,19,7,0,1,8,1,5,30
豐原區,19,7,0,1,8,1,5,50
太平區,19,7,0,1,8,1,5,50
東區,19,7,0,1,8,1,5,50
大雅區,19,7,0,1,8,1,5,50
清水區,19,7,0,2,8,1,5,50
南屯區,19,7,0,1,8,1,5,40
龍井區,19,7,0,1,8,1,5,50
潭子區,19,7,0,3,8,1,5,50
西屯區,19,7,0,1,8,1,5,50
北區,19,7,0,1,8,1,5,40
南屯區,19,7,0,1,8,1,5,50
北屯區,19,7,0,1,8,1,5,50
大里區,19,7,0,1,8,1,5,40
豐原區,19,7,0,1,8,1,5,30
太平區,19,8,0,1,8,1,5,50
豐原區,19,8,0,1,8,1,5,60
外埔區,19,8,0,0,8,1,5,50
西區,19,8,0,1,8,1,5,50
大甲區,19,8,0,2,8,1,5,50
南屯區,19,8,0,1,8,1,5,50
潭子區,19,8,0,1,8,1,5,50
南屯區,19,8,0,1,8,1,5,50
大甲區,19,9,0,1,8,1,5,50
西區,19,9,0,1,8,1,5,50
北屯區,19,9,0,2,8,1,5,50
豐原區,19,9,0,1,8,1,5,50
南屯區,19,9,0,1,8,1,5,50
太平區,19,9,0,1,8,1,5,50
東區,19,10,0,1,8,1,5,50
烏日區,19,10,0,1,8,1,5,50
太平區,19,10,0,1,8,1,5,50
清水區,19,10,0,1,8,1,5,50
南屯區,19,10,0,1,8,1,5,50
東區,19,11,0,1,8,1,5,50
大里區,19,11,0,2,8,1,5,50
大里區,19,11,0,1,8,1,5,40
南屯區,19,11,0,1,8,1,5,50
霧峰區,19,11,0,1,8,1,5,30
北區,19,11,0,1,8,1,5,50
大里區,19,11,0,1,8,1,5,50
龍井區,19,11,0,1,8,1,5,50
西區,19,11,0,2,8,1,5,50
大雅區,19,11,0,1,8,1,5,50
北區,19,11,0,1,8,1,5,30
沙鹿區,19,11,0,2,8,1,5,40
東區,19,11,0,1,8,1,5,50
太平區,19,11,0,1,8,1,5,50
北區,19,11,0,2,8,1,5,50
南屯區,19,12,0,1,8,1,5,50
中區,19,12,0,1,8,1,7,50
西區,19,12,0,1,8,1,5,50
豐原區,19,12,0,1,8,1,5,50
北屯區,19,12,0,3,8,1,5,50
南屯區,19,12,0,1,8,1,5,50
清水區,19,12,0,1,8,1,5,50
烏日區,19,12,0,1,8,1,5,50
西屯區,19,12,0,1,8,1,5,50
龍井區,19,12,0,3,8,1,5,50
中區,19,12,0,1,8,1,5,50
南屯區,19,13,0,1,8,1,5,50
大雅區,19,13,0,1,8,1,5,30
西屯區,19,13,0,1,8,1,5,50
北屯區,19,13,0,1,8,1,5,50
大雅區,19,13,0,1,8,1,5,50
西屯區,19,13,0,2,8,1,5,50
北屯區,19,13,0,2,8,1,5,50
北屯區,19,13,0,3,8,1,5,50
西區,19,13,0,1,8,1,5,40
大里區,19,14,0,2,8,1,5,50
清水區,19,14,0,0,8,1,5,50
大雅區,19,14,0,1,8,1,5,50
太平區,19,15,0,1,8,1,5,50
沙鹿區,19,15,0,2,8,1,5,50
大甲區,19,15,0,1,8,1,5,70
南屯區,19,15,0,1,8,1,5,50
豐原區,19,15,0,1,8,1,5,50
豐原區,19,16,0,2,8,1,5,30
西屯區,19,16,0,1,8,1,5,50
龍井區,19,16,0,1,8,3,5,50
沙鹿區,19,16,0,2,8,1,5,40
南屯區,19,16,0,2,8,1,5,50
北區,19,16,0,1,8,1,5,50
霧峰區,19,16,0,1,8,2,5,40
西區,19,16,0,2,8,1,5,50
南屯區,19,16,0,2,8,1,5,50
北屯區,19,16,0,1,8,1,5,50
東勢區,19,16,0,1,8,1,5,60
豐原區,19,17,0,1,8,1,5,50
清水區,19,17,0,0,8,1,5,70
北屯區,19,17,0,1,8,1,5,50
霧峰區,19,17,0,1,8,1,5,50
北區,19,17,0,2,8,1,5,50
南屯區,19,17,0,1,8,1,5,50
清水區,19,17,0,0,8,1,5,30
大雅區,19,17,0,2,8,2,5,50
南屯區,19,17,0,2,8,1,5,50
南屯區,19,17,0,1,8,1,5,40
大雅區,19,17,0,2,8,1,5,50
西屯區,19,17,0,1,8,1,5,50
龍井區,19,17,0,1,8,1,5,30
大里區,19,17,0,1,8,2,5,50
大甲區,19,17,0,1,8,1,5,50
大里區,19,17,0,1,8,2,5,40
西區,19,18,0,1,8,2,5,50
豐原區,19,18,0,3,7,3,5,50
潭子區,19,18,0,1,8,3,5,50
烏日區,19,18,0,1,8,3,5,50
南區,19,18,0,2,8,3,5,50
西屯區,19,18,0,2,8,3,5,50
北區,19,19,0,2,8,3,5,50
南屯區,19,19,0,1,8,1,5,50
霧峰區,19,19,0,1,8,3,5,50
太平區,19,20,0,0,8,3,5,80
北屯區,19,20,0,1,8,3,5,50
清水區,19,20,0,0,8,3,5,50
南屯區,19,20,0,1,8,3,5,50
西屯區,19,20,0,1,8,3,5,50
龍井區,19,20,0,1,8,3,5,50
北區,19,21,0,1,8,1,5,50
大肚區,19,21,0,1,8,1,5,40
清水區,19,21,0,2,8,3,5,50
中區,19,21,0,2,8,3,5,50
南屯區,19,21,0,1,7,3,5,40
中區,19,21,0,1,8,3,5,50
大里區,19,21,0,1,8,3,5,50
北屯區,19,21,0,1,8,1,5,50
西區,19,21,0,1,8,3,5,50
清水區,19,22,0,0,8,3,5,50
南屯區,19,22,0,1,8,3,5,50
龍井區,19,22,0,3,8,3,5,50
西區,19,22,0,0,8,3,5,50
神岡區,19,23,0,0,7,3,5,30
北區,19,23,0,1,7,3,5,50
大里區,19,23,0,1,8,4,5,50
豐原區,20,0,0,2,8,4,5,50
大甲區,20,1,0,1,8,3,5,50
大雅區,20,1,0,1,8,3,5,50
太平區,20,2,0,2,8,3,5,50
西區,20,3,0,0,8,3,5,50
北區,20,5,0,1,8,1,5,50
大里區,20,6,0,2,8,1,5,50
神岡區,20,6,0,1,8,2,5,30
沙鹿區,20,6,0,1,8,1,5,50
大雅區,20,6,0,1,8,1,5,40
大肚區,20,6,0,1,8,1,5,30
沙鹿區,20,6,0,1,8,1,5,50
北屯區,20,7,0,1,8,2,5,50
北區,20,7,0,1,8,1,5,50
烏日區,20,7,0,1,8,1,5,50
豐原區,20,7,0,3,8,1,5,50
大雅區,20,7,0,1,8,1,5,50
豐原區,20,8,0,1,8,1,5,50
南屯區,20,8,0,1,8,1,5,30
東區,20,8,0,2,8,1,5,30
北屯區,20,8,0,1,8,1,5,50
北區,20,8,0,1,8,1,5,40
西屯區,20,8,0,2,8,1,5,50
清水區,20,8,0,2,8,1,5,50
南屯區,20,8,0,2,8,1,5,50
清水區,20,9,0,1,8,1,5,40
大里區,20,9,0,1,8,1,5,50
沙鹿區,20,9,0,1,8,1,5,50
清水區,20,9,0,1,8,1,5,50
南屯區,20,9,0,1,8,1,5,50
南屯區,20,9,0,2,8,1,5,50
霧峰區,20,9,0,2,8,1,5,70
東區,20,9,0,1,8,1,5,50
西屯區,20,9,0,1,8,1,5,50
大雅區,20,9,0,1,8,1,5,50
西屯區,20,10,0,1,8,1,5,50
梧棲區,20,10,0,1,8,1,5,50
東區,20,10,0,0,8,1,5,30
西屯區,20,10,0,1,8,1,5,40
神岡區,20,10,0,1,8,1,7,20
豐原區,20,10,0,2,8,1,5,50
西區,20,10,0,1,8,1,5,50
東區,20,11,0,1,8,1,5,50
北區,20,11,1,0,8,1,5,50
南區,20,11,0,1,8,1,5,50
西屯區,20,11,0,1,8,1,5,50
潭子區,20,12,0,1,8,1,5,50
梧棲區,20,12,0,2,8,1,5,50
北屯區,20,12,0,1,8,1,5,60
南屯區,20,12,0,1,8,1,5,50
北屯區,20,12,0,1,8,1,5,50
東勢區,20,12,0,2,8,1,5,50
西區,20,12,0,1,8,1,5,50
西屯區,20,12,0,1,8,1,5,40
大雅區,20,12,0,1,8,1,5,40
東區,20,12,0,1,8,1,5,50
后里區,20,13,0,1,8,1,5,50
西區,20,13,0,2,8,1,5,50
神岡區,20,13,0,1,8,1,5,15
南屯區,20,13,0,1,8,1,5,50
霧峰區,20,13,0,3,8,1,5,40
南屯區,20,13,0,2,8,1,5,50
北屯區,20,13,0,1,8,1,5,50
北區,20,13,0,1,8,1,5,50
梧棲區,20,14,3,0,8,1,5,90
大里區,20,14,0,1,8,1,5,50
神岡區,20,14,0,1,8,1,5,50
南區,20,14,0,3,8,1,5,50
大甲區,20,14,0,3,8,1,5,50
南屯區,20,14,0,1,8,1,5,40
西區,20,14,0,2,8,1,5,40
北屯區,20,14,0,1,8,1,5,50
大甲區,20,14,0,2,8,1,5,50
北屯區,20,14,0,1,8,1,5,50
北屯區,20,14,0,2,8,1,5,50
北屯區,20,15,0,0,8,1,5,50
南區,20,15,0,1,8,1,5,50
西區,20,15,0,3,8,1,5,50
南屯區,20,15,0,2,8,1,5,50
清水區,20,15,0,1,8,1,5,50
西區,20,15,0,1,8,1,5,50
神岡區,20,15,0,1,8,1,5,50
西屯區,20,15,0,1,8,1,5,50
清水區,20,15,0,2,8,1,5,70
神岡區,20,16,0,2,8,1,5,50
西屯區,20,16,0,1,8,1,5,40
東勢區,20,16,0,1,8,1,5,40
神岡區,20,16,0,2,8,1,5,50
南屯區,20,16,0,1,8,1,5,40
大甲區,20,16,0,3,8,1,5,50
后里區,20,16,0,1,8,1,5,40
大里區,20,17,0,2,8,2,5,40
西屯區,20,17,0,1,8,1,5,50
沙鹿區,20,17,0,2,8,1,5,30
沙鹿區,20,17,0,1,8,1,5,50
北屯區,20,17,0,3,8,1,5,50
大雅區,20,17,0,1,8,2,5,50
神岡區,20,17,0,1,8,1,5,50
北區,20,17,0,2,8,1,5,50
西屯區,20,17,0,1,8,1,5,40
大里區,20,17,0,1,8,2,5,30
潭子區,20,18,0,2,8,2,5,50
龍井區,20,18,0,1,8,3,5,70
西屯區,20,18,0,1,8,3,5,50
清水區,20,18,0,0,8,3,5,50
大甲區,20,18,0,1,8,3,5,50
東區,20,19,0,1,8,3,5,50
太平區,20,19,0,2,8,3,5,50
烏日區,20,19,0,4,8,3,5,30
梧棲區,20,19,0,1,8,3,5,50
南屯區,20,20,0,1,8,3,5,50
太平區,20,20,0,1,8,3,5,50
梧棲區,20,20,0,1,8,3,5,50
南屯區,20,20,0,2,7,3,5,50
清水區,20,21,0,0,8,3,5,30
太平區,20,21,0,1,8,3,5,50
潭子區,20,21,0,1,8,3,5,50
大雅區,20,22,0,1,8,3,5,50
西區,20,22,0,1,8,3,5,40
南區,20,22,0,1,7,3,5,50
南屯區,20,22,0,3,7,3,5,50
西屯區,20,22,0,1,8,3,5,50
梧棲區,20,23,0,1,8,3,5,50
大甲區,20,23,0,1,8,3,5,50
東區,20,23,0,1,8,3,5,50
沙鹿區,20,23,0,1,8,3,5,50
東勢區,21,0,0,1,8,3,5,60
太平區,21,0,0,2,8,3,5,30
西區,21,3,0,1,8,3,5,40
西區,21,6,0,1,8,2,5,1
中區,21,6,0,2,8,1,5,50
南屯區,21,7,0,1,8,1,5,50
沙鹿區,21,7,0,2,8,1,5,50
龍井區,21,8,0,1,8,1,5,40
南屯區,21,8,0,1,8,1,5,50
烏日區,21,8,0,1,8,1,5,50
西屯區,21,8,0,2,8,1,5,40
梧棲區,21,9,0,1,8,1,5,50
神岡區,21,9,0,1,8,1,5,30
大肚區,21,9,0,2,8,1,5,50
北屯區,21,9,0,0,8,1,5,50
大里區,21,9,0,1,8,1,5,50
清水區,21,9,0,1,8,1,5,50
沙鹿區,21,9,0,1,8,1,5,50
北屯區,21,10,0,3,8,1,5,50
大雅區,21,10,0,1,8,1,5,50
北區,21,10,0,1,8,1,5,50
南區,21,10,0,1,8,1,5,50
霧峰區,21,10,0,1,8,1,5,70
后里區,21,11,0,1,8,1,5,50
東區,21,11,0,3,8,1,5,50
東區,21,11,0,2,8,1,5,50
南屯區,21,11,0,0,8,1,5,40
西區,21,11,0,1,8,1,5,50
大雅區,21,11,0,1,8,1,5,50
北屯區,21,11,0,1,8,1,5,50
北區,21,11,0,2,8,1,5,40
南屯區,21,11,0,1,8,1,5,50
大里區,21,11,0,1,8,1,5,50
大甲區,21,12,0,1,8,1,5,30
東區,21,12,0,1,8,1,5,50
北屯區,21,12,0,1,8,1,5,50
太平區,21,12,0,1,8,1,5,50
南屯區,21,12,0,1,8,1,5,50
西屯區,21,12,0,1,8,1,5,50
西屯區,21,12,0,1,8,1,5,50
豐原區,21,12,0,2,8,1,5,50
西區,21,12,0,1,8,1,5,50
大肚區,21,13,0,1,8,1,5,30
南區,21,13,0,0,8,1,5,50
沙鹿區,21,13,0,1,8,1,5,30
后里區,21,13,0,3,8,1,5,60
西區,21,13,0,1,8,1,5,50
西區,21,13,0,1,8,1,5,50
大雅區,21,13,0,3,8,1,5,50
大里區,21,13,0,1,8,1,5,50
大雅區,21,14,0,1,8,1,5,50
東勢區,21,14,0,1,8,1,5,50
南屯區,21,14,0,0,8,1,5,40
南屯區,21,14,0,1,8,1,5,50
烏日區,21,15,0,1,8,1,5,30
南屯區,21,15,0,1,8,1,5,50
南屯區,21,15,0,1,8,1,5,30
大甲區,21,15,0,1,8,1,5,50
西區,21,15,0,1,8,1,5,50
和平區,21,15,0,0,8,1,2,50
大里區,21,15,0,1,8,1,5,40
烏日區,21,15,0,1,8,1,5,50
東勢區,21,15,0,1,8,1,8,15
西屯區,21,15,0,1,8,1,5,40
大雅區,21,15,0,1,8,1,5,30
東勢區,21,15,0,1,8,1,5,50
后里區,21,15,0,0,8,1,5,50
西區,21,15,0,4,8,1,5,40
東勢區,21,15,0,1,8,1,5,60
西區,21,15,0,1,8,1,5,50
外埔區,21,15,0,1,7,1,5,30
南屯區,21,16,0,1,8,1,5,50
烏日區,21,16,0,2,8,1,5,40
北屯區,21,16,0,1,8,1,5,50
豐原區,21,16,0,1,8,1,5,30
太平區,21,16,0,1,8,1,5,50
中區,21,16,0,2,8,1,5,50
豐原區,21,16,0,1,8,1,5,50
西區,21,16,0,1,8,1,5,50
太平區,21,17,0,1,8,1,5,50
太平區,21,17,0,2,8,1,5,50
西區,21,17,0,0,8,1,5,50
大里區,21,17,0,1,8,1,5,50
沙鹿區,21,17,0,2,8,1,5,50
北區,21,17,0,1,8,2,5,1
神岡區,21,17,0,2,8,1,5,40
北屯區,21,18,0,2,8,3,5,40
新社區,21,18,0,1,8,3,5,50
南屯區,21,18,0,1,8,1,5,50
北屯區,21,18,0,1,8,3,5,50
沙鹿區,21,18,0,1,8,3,5,50
西區,21,19,0,2,8,3,5,50
大甲區,21,19,0,1,8,3,5,70
北屯區,21,19,0,1,8,3,5,50
南屯區,21,19,0,1,8,3,5,50
西屯區,21,19,0,1,8,3,5,50
沙鹿區,21,19,0,2,8,1,5,50
西區,21,19,0,2,8,3,5,50
大里區,21,19,0,1,8,3,5,40
大甲區,21,20,0,1,8,3,5,50
大里區,21,20,0,2,8,3,5,50
潭子區,21,20,0,3,8,3,5,60
新社區,21,21,0,2,8,3,5,50
西屯區,21,21,0,1,8,1,5,50
東區,21,21,0,1,8,3,5,50
南屯區,21,21,0,1,7,3,5,50
大里區,21,21,0,1,8,3,5,50
豐原區,21,22,0,1,8,3,5,50
東區,21,22,0,2,8,3,5,50
北屯區,21,23,0,2,8,3,5,40
大雅區,21,23,0,1,8,1,5,50
梧棲區,21,23,0,1,8,3,5,50
南屯區,22,0,0,1,8,3,5,50
沙鹿區,22,0,0,3,8,3,5,60
南屯區,22,0,0,1,7,3,5,50
西屯區,22,2,0,2,8,1,5,50
清水區,22,5,0,0,7,2,5,50
大雅區,22,5,0,3,6,3,5,40
北屯區,22,6,0,1,8,1,5,50
沙鹿區,22,6,0,1,8,1,5,50
大肚區,22,7,0,1,7,1,5,40
龍井區,22,7,0,1,6,1,5,30
霧峰區,22,7,0,0,8,1,5,50
梧棲區,22,7,0,1,6,1,5,70
南屯區,22,7,0,1,7,1,5,50
豐原區,22,7,0,1,6,1,5,30
北屯區,22,7,0,1,7,2,5,40
東區,22,7,0,1,7,1,5,50
大里區,22,7,0,1,8,1,5,50
龍井區,22,7,0,2,7,1,5,50
沙鹿區,22,7,0,1,8,1,5,50
清水區,22,7,0,1,8,1,5,30
梧棲區,22,7,0,2,7,1,5,70
潭子區,22,7,0,2,7,1,5,60
大甲區,22,7,0,1,7,1,5,50
豐原區,22,7,0,1,7,1,5,50
清水區,22,7,0,2,7,1,5,40
西屯區,22,7,0,1,8,1,5,50
大雅區,22,8,0,1,8,1,5,30
西屯區,22,8,0,1,7,1,5,50
西區,22,8,0,1,8,1,5,50
梧棲區,22,8,0,2,7,1,5,50
大里區,22,8,0,2,8,1,5,50
大雅區,22,8,0,1,7,1,5,50
西區,22,8,0,2,8,1,5,40
東區,22,8,0,1,7,1,5,50
西區,22,9,0,2,7,1,5,50
龍井區,22,10,0,1,7,1,5,40
西屯區,22,10,0,1,8,1,5,40
烏日區,22,10,0,1,7,1,5,50
北屯區,22,10,0,1,7,1,5,50
沙鹿區,22,10,0,3,8,1,5,30
東區,22,10,0,1,8,1,5,50
大雅區,22,11,0,2,8,1,5,50
太平區,22,11,0,1,8,1,5,50
清水區,22,11,0,1,8,1,5,60
南屯區,22,12,0,1,8,1,5,50
南屯區,22,12,0,1,8,1,5,50
大雅區,22,13,0,1,8,1,5,50
烏日區,22,13,0,1,8,1,5,60
西屯區,22,14,0,2,7,1,5,50
大雅區,22,14,0,1,8,1,5,30
大里區,22,14,0,1,8,1,5,50
東區,22,14,0,0,7,1,5,50
西屯區,22,15,0,1,6,1,5,40
西屯區,22,15,0,1,6,1,5,40
西區,22,15,0,1,6,1,5,50
大里區,22,15,0,1,6,1,5,50
北屯區,22,16,0,1,6,1,5,50
大里區,22,16,0,0,6,1,5,50
大肚區,22,16,0,1,6,1,5,30
南區,22,16,0,1,8,1,5,50
南屯區,22,16,0,1,6,1,5,50
南屯區,22,16,0,0,6,1,5,50
大里區,22,16,0,1,7,1,5,50
西屯區,22,16,0,1,6,1,5,50
東區,22,16,0,2,8,1,5,50
南屯區,22,17,0,1,7,1,5,40
大里區,22,17,0,1,6,1,5,50
西屯區,22,17,0,1,6,2,5,30
西區,22,17,0,1,7,1,5,50
大雅區,22,17,0,1,6,2,5,50
大雅區,22,17,0,1,7,1,5,50
東勢區,22,17,0,1,7,1,5,60
北屯區,22,17,0,1,8,1,5,50
北屯區,22,17,0,1,8,1,5,50
神岡區,22,17,0,1,6,1,5,40
南屯區,22,17,0,2,7,2,5,50
大里區,22,17,0,1,7,2,5,50
大雅區,22,17,0,1,8,1,5,50
北屯區,22,17,0,1,7,1,5,50
大里區,22,17,0,1,6,1,5,60
龍井區,22,17,0,1,8,3,5,30
東區,22,18,0,1,7,3,5,50
中區,22,18,0,1,8,3,5,50
神岡區,22,18,0,1,7,3,5,50
大雅區,22,18,0,2,7,2,5,50
烏日區,22,18,0,1,8,3,5,50
西區,22,18,0,2,7,3,5,50
西區,22,18,0,2,7,2,5,40
清水區,22,18,0,1,8,3,5,30
北區,22,18,0,1,8,3,5,50
南屯區,22,18,0,1,7,3,5,50
北屯區,22,18,0,1,8,3,5,40
南屯區,22,18,0,1,8,2,5,50
東區,22,18,0,1,8,3,5,1
北屯區,22,18,0,0,6,3,5,50
西屯區,22,18,0,2,8,3,5,50
東勢區,22,18,0,0,8,3,5,50
北區,22,18,0,1,8,3,5,50
西屯區,22,18,0,1,7,3,5,30
太平區,22,18,0,2,8,3,5,50
北屯區,22,19,0,1,8,3,5,50
大里區,22,19,0,1,8,3,5,40
西區,22,19,0,1,7,3,5,50
大雅區,22,19,0,1,7,3,5,50
南屯區,22,19,0,1,8,3,5,50
北屯區,22,19,0,1,6,3,5,50
西區,22,19,0,1,8,3,5,50
南屯區,22,19,0,2,8,1,5,50
沙鹿區,22,19,0,1,8,4,5,30
太平區,22,19,0,3,8,1,5,50
豐原區,22,20,0,1,8,3,5,60
北區,22,20,0,1,7,3,5,50
西區,22,20,0,3,7,1,5,50
豐原區,22,20,0,1,8,3,5,50
霧峰區,22,21,0,1,8,3,5,50
東區,22,21,0,1,8,3,5,50
西屯區,22,21,0,1,8,3,5,40
后里區,22,21,0,0,8,3,1,50
豐原區,22,21,0,1,8,3,5,60
外埔區,22,21,0,0,8,3,5,50
西屯區,22,22,0,2,8,3,5,30
龍井區,22,23,0,2,8,3,5,50
龍井區,23,0,0,2,8,3,5,30
北區,23,6,0,1,8,1,5,50
潭子區,23,7,0,2,8,1,5,30
大雅區,23,7,0,1,8,1,5,50
西區,23,7,0,2,8,1,5,50
北區,23,7,0,2,8,1,5,40
南屯區,23,7,0,2,8,1,5,50
南屯區,23,8,0,2,7,1,5,50
豐原區,23,8,0,2,8,1,5,50
南屯區,23,8,0,1,8,1,5,40
太平區,23,8,0,1,8,1,5,50
北屯區,23,8,0,1,7,1,5,50
東區,23,8,0,0,8,1,5,50
新社區,23,8,0,2,7,1,5,30
東區,23,8,0,0,7,1,5,50
大甲區,23,8,0,1,8,1,5,50
北屯區,23,8,0,2,8,1,5,50
中區,23,8,0,1,8,1,5,50
烏日區,23,9,0,1,7,1,5,30
北區,23,9,0,4,8,1,5,50
西屯區,23,9,0,2,8,1,5,40
烏日區,23,9,0,1,8,1,5,50
清水區,23,9,0,1,8,1,5,50
西屯區,23,9,0,1,8,1,5,50
南區,23,9,0,1,8,1,5,50
大甲區,23,10,0,1,8,1,5,50
豐原區,23,10,0,2,8,1,5,50
清水區,23,10,0,1,8,1,5,60
大甲區,23,10,0,2,8,1,5,60
大雅區,23,10,0,2,8,1,5,30
霧峰區,23,10,0,1,8,1,5,30
東區,23,10,0,2,7,1,5,50
西屯區,23,10,0,2,8,1,5,50
中區,23,11,0,2,8,1,5,50
北屯區,23,11,0,1,8,1,5,50
南區,23,11,0,1,8,1,5,40
西屯區,23,11,0,1,8,1,5,50
南屯區,23,11,0,1,8,1,5,50
西屯區,23,11,0,1,8,1,5,30
南屯區,23,12,0,1,8,1,5,50
南屯區,23,12,0,1,8,1,5,40
西區,23,13,0,1,8,1,5,50
沙鹿區,23,13,0,2,8,1,5,50
龍井區,23,13,0,1,7,1,5,50
南屯區,23,13,0,1,8,1,5,50
大里區,23,13,0,2,8,1,5,50
北屯區,23,13,0,1,7,1,5,50
南區,23,13,0,0,7,1,5,50
南屯區,23,14,0,1,8,1,5,50
西區,23,14,0,1,7,1,5,50
大甲區,23,15,0,1,8,1,5,50
南屯區,23,15,0,1,8,1,5,50
霧峰區,23,15,0,2,8,1,5,50
霧峰區,23,15,0,1,8,1,5,50
霧峰區,23,15,0,1,8,1,5,50
神岡區,23,15,0,1,8,1,5,50
大肚區,23,16,0,1,8,1,5,50
南區,23,16,0,1,8,1,5,50
南屯區,23,16,0,1,8,1,5,50
梧棲區,23,16,0,1,8,1,5,50
大里區,23,16,0,2,8,1,5,50
大雅區,23,17,0,2,8,1,5,50
神岡區,23,17,0,1,8,1,5,50
北區,23,17,0,3,8,1,5,50
西區,23,17,0,1,8,1,5,50
北屯區,23,17,0,1,8,1,5,50
霧峰區,23,17,0,1,8,1,5,40
北區,23,17,0,1,8,1,5,50
大甲區,23,17,0,1,8,1,5,30
北屯區,23,17,0,1,8,1,5,50
北屯區,23,17,0,1,7,2,5,50
霧峰區,23,17,0,2,8,1,5,50
北區,23,17,0,1,8,1,5,50
西屯區,23,17,0,1,8,2,5,50
北區,23,17,0,2,7,3,5,50
大里區,23,18,0,2,8,3,8,40
沙鹿區,23,18,0,1,8,3,5,50
大甲區,23,18,0,1,8,1,5,50
南屯區,23,18,0,3,8,3,5,50
西區,23,18,0,1,8,1,5,50
南屯區,23,18,0,2,8,3,5,50
大里區,23,18,0,2,8,4,5,50
西屯區,23,18,0,1,7,3,5,50
北區,23,19,0,1,7,3,5,50
南區,23,19,0,1,8,3,5,50
南屯區,23,19,0,2,8,3,5,40
大雅區,23,19,0,1,8,3,5,40
東區,23,20,0,2,8,1,5,50
西屯區,23,20,0,1,8,3,5,50
西區,23,20,0,1,8,3,5,50
南屯區,23,21,0,2,8,4,5,50
南區,23,21,0,2,8,3,5,50
霧峰區,23,21,0,1,8,3,5,40
霧峰區,23,22,0,1,8,3,5,50
北區,23,22,0,3,8,1,5,40
后里區,23,22,0,1,8,3,5,50
北區,23,22,0,1,8,3,5,40
北屯區,23,22,0,1,8,3,5,50
北屯區,23,22,0,1,7,3,5,50
東區,23,23,0,1,8,3,5,50
東勢區,23,23,0,2,6,3,5,60
北區,24,0,0,1,8,3,5,50
大雅區,24,0,0,2,8,3,5,50
南屯區,24,0,0,2,8,3,5,50
太平區,24,1,0,1,7,3,5,50
神岡區,24,3,0,1,8,3,5,50
豐原區,24,4,0,1,6,3,5,50
豐原區,24,5,0,1,6,3,5,50
中區,24,5,0,2,6,3,5,50
西屯區,24,6,0,1,6,2,5,50
潭子區,24,6,0,1,6,1,5,40
大雅區,24,7,0,1,6,1,5,50
梧棲區,24,7,0,1,6,1,5,50
后里區,24,7,0,0,6,1,5,50
北區,24,7,0,1,6,1,5,50
南區,24,7,0,1,6,1,5,40
后里區,24,7,0,1,6,1,5,60
大甲區,24,7,0,1,6,1,5,50
清水區,24,7,0,1,6,1,5,50
神岡區,24,7,0,2,6,1,5,50
豐原區,24,7,0,2,6,1,5,50
梧棲區,24,7,0,1,6,1,5,40
豐原區,24,7,0,2,6,1,5,50
西區,24,7,0,1,6,1,5,50
西屯區,24,7,0,1,6,1,5,30
西屯區,24,7,0,2,8,1,5,50
豐原區,24,7,0,1,6,1,5,50
西區,24,7,0,1,6,1,5,50
神岡區,24,7,0,1,6,1,5,50
南屯區,24,7,0,1,8,1,5,50
沙鹿區,24,7,0,1,6,1,5,60
神岡區,24,7,0,1,6,1,5,40
大甲區,24,8,0,1,6,1,5,50
豐原區,24,8,0,2,6,1,5,30
南屯區,24,8,0,1,6,1,5,50
南屯區,24,8,0,0,6,1,5,80
北屯區,24,8,0,0,6,1,5,50
神岡區,24,8,0,1,6,1,5,50
東區,24,8,0,2,6,1,5,50
烏日區,24,8,0,1,6,1,5,40
石岡區,24,8,0,1,8,1,5,60
豐原區,24,8,0,1,6,1,5,30
神岡區,24,8,0,2,6,1,5,50
北屯區,24,8,0,1,6,1,5,50
南區,24,8,0,1,6,1,5,50
清水區,24,8,0,1,6,1,5,50
大雅區,24,8,0,1,6,1,5,50
大里區,24,8,0,1,6,1,5,50
大雅區,24,8,0,1,6,1,5,50
南屯區,24,8,0,1,6,1,5,50
西屯區,24,8,0,1,6,1,5,40
大雅區,24,8,0,1,6,1,5,30
大雅區,24,8,0,1,6,1,5,50
南區,24,8,0,1,6,1,5,50
潭子區,24,8,0,1,6,1,5,60
西區,24,9,0,1,6,1,5,50
豐原區,24,9,0,2,6,1,5,50
西區,24,9,0,1,6,1,5,50
沙鹿區,24,9,0,1,6,1,5,50
西屯區,24,9,0,1,6,1,5,50
南屯區,24,9,0,1,6,1,5,50
東區,24,9,0,2,8,1,5,50
南屯區,24,9,0,1,6,1,5,50
西屯區,24,9,0,1,6,1,5,50
北屯區,24,9,0,1,6,1,5,30
西屯區,24,10,0,1,7,1,5,50
西區,24,10,0,1,6,1,5,50
烏日區,24,10,0,1,7,1,5,50
大雅區,24,10,0,1,7,1,5,50
大肚區,24,10,0,1,6,1,5,50
西區,24,10,0,2,8,1,5,50
中區,24,10,0,2,7,1,5,30
北區,24,11,0,1,6,1,5,40
西屯區,24,11,0,1,7,1,5,50
北區,24,11,0,1,6,1,5,50
太平區,24,11,0,1,8,1,5,40
南區,24,12,0,1,7,1,5,50
中區,24,12,0,1,6,1,5,50
西區,24,12,0,1,7,1,5,50
沙鹿區,24,12,0,1,6,1,5,60
沙鹿區,24,12,0,1,6,1,5,50
后里區,24,13,0,1,6,1,5,50
西區,24,13,0,1,6,1,5,50
南區,24,13,0,1,6,1,5,40
南屯區,24,13,0,1,6,1,5,50
大甲區,24,13,0,1,6,4,5,50
北區,24,13,0,1,6,1,5,50
北屯區,24,13,0,1,6,1,5,50
后里區,24,13,0,1,6,1,5,50
豐原區,24,14,0,2,6,1,5,50
潭子區,24,14,0,1,6,1,5,40
西屯區,24,14,0,0,6,1,5,50
南屯區,24,14,0,1,6,1,5,50
西屯區,24,14,0,1,6,1,5,40
西屯區,24,14,0,1,6,1,5,40
大雅區,24,14,0,1,7,1,5,50
北屯區,24,14,0,0,6,1,5,50
沙鹿區,24,14,0,1,7,1,5,30
太平區,24,15,0,0,7,1,5,50
中區,24,15,0,1,8,1,5,50
豐原區,24,15,0,2,7,1,5,50
南屯區,24,15,0,1,7,1,5,50
大雅區,24,15,0,1,7,1,5,50
東勢區,24,15,0,1,8,1,5,50
大甲區,24,15,0,1,8,1,5,50
北屯區,24,15,0,1,7,1,5,50
西區,24,15,0,1,8,1,5,50
潭子區,24,15,0,1,8,1,5,50
東區,24,15,0,1,8,1,5,50
大雅區,24,15,0,1,8,1,5,50
北屯區,24,16,0,1,8,1,5,50
北屯區,24,16,0,1,8,1,5,50
龍井區,24,16,0,1,8,1,5,30
北屯區,24,16,0,1,8,1,5,50
豐原區,24,16,0,2,8,1,5,50
北屯區,24,16,0,1,8,1,5,80
后里區,24,16,0,2,8,1,5,50
西區,24,16,0,1,8,1,5,40
西屯區,24,16,0,1,8,1,5,40
太平區,24,17,0,1,8,1,5,50
龍井區,24,17,0,1,8,1,5,50
南區,24,17,0,3,7,1,5,50
霧峰區,24,17,0,1,8,1,5,50
龍井區,24,17,0,1,8,1,5,50
西屯區,24,17,0,1,8,1,5,50
神岡區,24,17,0,2,8,1,5,50
豐原區,24,17,0,1,8,1,5,50
沙鹿區,24,17,0,1,8,2,5,50
清水區,24,17,0,1,8,1,5,50
中區,24,17,0,1,7,1,5,50
南屯區,24,17,0,1,8,1,5,50
龍井區,24,17,0,3,8,1,5,30
西屯區,24,17,0,2,8,2,5,50
南屯區,24,17,0,2,8,1,5,50
西屯區,24,17,0,1,8,1,5,40
烏日區,24,17,0,2,7,3,5,50
南屯區,24,18,0,1,8,1,5,40
北區,24,18,0,1,8,3,5,50
神岡區,24,18,0,2,8,3,5,50
龍井區,24,18,0,1,8,3,5,50
龍井區,24,18,0,2,8,3,5,30
東區,24,18,0,1,8,3,5,50
北區,24,18,0,1,7,3,5,50
南屯區,24,18,0,1,8,3,5,50
北屯區,24,18,0,1,8,3,5,50
西屯區,24,18,0,1,8,3,5,50
清水區,24,18,0,0,8,3,5,60
北屯區,24,18,0,2,8,3,5,50
清水區,24,18,0,2,8,3,5,50
西屯區,24,18,0,1,8,3,5,1
沙鹿區,24,18,0,1,8,3,5,40
西屯區,24,18,0,1,8,2,5,40
大雅區,24,19,0,1,8,1,5,50
大里區,24,19,0,1,8,3,5,50
西屯區,24,19,0,1,8,3,5,60
西屯區,24,19,0,3,8,3,5,50
太平區,24,19,0,1,8,3,5,50
西屯區,24,20,0,1,8,3,5,40
南屯區,24,20,0,2,8,3,5,50
北屯區,24,21,0,2,8,3,5,50
北屯區,24,21,0,1,8,3,5,50
南區,24,22,0,3,8,3,5,50
西屯區,24,22,0,1,8,3,5,50
北區,24,22,0,2,8,3,5,40
西屯區,24,22,0,1,8,3,5,40
南屯區,24,22,0,1,8,3,5,50
清水區,24,23,0,0,8,3,5,70
大肚區,25,0,0,1,8,3,5,50
大雅區,25,0,0,2,8,3,5,30
龍井區,25,0,0,1,8,3,5,50
烏日區,25,3,0,1,8,3,5,60
西屯區,25,3,0,1,8,3,5,50
霧峰區,25,5,1,0,8,4,5,30
大雅區,25,6,0,2,8,1,5,50
南屯區,25,6,0,2,8,1,5,40
北屯區,25,6,0,2,8,1,5,50
神岡區,25,6,0,3,8,1,5,50
大雅區,25,7,0,2,8,1,5,50
神岡區,25,7,0,2,8,1,5,50
太平區,25,7,0,1,8,1,5,30
北屯區,25,7,0,2,8,1,5,50
大里區,25,7,0,3,8,1,5,50
南屯區,25,7,0,1,8,1,5,50
梧棲區,25,7,0,1,8,1,5,40
豐原區,25,7,0,1,8,1,5,30
西屯區,25,7,0,2,8,1,5,50
北屯區,25,7,0,0,8,1,5,50
潭子區,25,7,0,2,8,1,5,40
大里區,25,7,0,1,8,1,5,50
南區,25,7,0,1,8,1,5,50
南區,25,7,0,2,8,1,5,40
神岡區,25,7,0,2,8,1,5,50
沙鹿區,25,7,0,2,8,1,5,40
沙鹿區,25,7,0,1,8,1,5,50
大雅區,25,7,0,2,8,1,5,50
東區,25,7,0,1,8,1,5,50
大里區,25,7,0,0,8,1,5,50
潭子區,25,7,0,1,8,1,5,50
東勢區,25,7,0,1,8,1,5,50
清水區,25,8,0,1,8,1,5,50
北區,25,8,0,1,8,1,5,50
大雅區,25,8,0,1,8,1,5,50
梧棲區,25,8,0,1,8,1,5,40
大里區,25,8,0,0,8,1,5,40
大甲區,25,8,0,2,8,1,5,50
西屯區,25,8,0,1,8,1,5,80
神岡區,25,8,0,1,8,1,5,50
南屯區,25,8,0,1,8,1,5,50
豐原區,25,8,0,1,8,1,5,50
東勢區,25,8,0,2,8,1,5,50
后里區,25,8,0,1,8,1,5,40
大里區,25,9,0,1,8,1,5,50
新社區,25,9,0,2,8,1,5,50
西屯區,25,9,0,1,8,1,5,50
西屯區,25,9,0,1,8,1,5,30
后里區,25,9,0,1,8,1,5,50
北區,25,9,0,1,8,1,5,50
烏日區,25,9,0,1,8,1,5,30
北區,25,9,0,2,8,1,5,50
北屯區,25,9,0,3,8,1,5,50
清水區,25,9,0,1,8,1,5,50
大里區,25,9,0,1,8,1,5,50
西屯區,25,9,0,1,8,1,5,50
東勢區,25,10,0,1,8,1,5,60
太平區,25,10,0,1,8,1,5,50
西屯區,25,10,0,1,8,1,5,40
后里區,25,10,0,0,8,1,5,60
東區,25,10,0,0,8,1,5,50
神岡區,25,10,0,1,8,1,5,50
豐原區,25,10,0,1,8,1,5,50
大雅區,25,10,0,1,8,1,5,50
北屯區,25,10,0,1,8,1,5,30
南屯區,25,11,0,1,8,1,5,50
西區,25,11,0,2,8,1,5,50
霧峰區,25,11,0,1,8,1,5,40
西區,25,11,0,1,8,1,5,50
烏日區,25,11,0,2,8,1,5,40
南屯區,25,11,0,1,8,1,5,50
大里區,25,12,0,2,8,1,5,50
沙鹿區,25,12,0,2,8,1,5,40
新社區,25,12,0,1,8,1,5,50
西區,25,12,0,2,8,1,5,50
東區,25,12,0,2,8,1,5,30
南屯區,25,13,0,2,8,1,5,50
大雅區,25,13,0,1,8,1,5,50
北屯區,25,14,0,1,8,1,5,50
西屯區,25,14,0,1,8,1,5,40
東區,25,14,0,1,8,1,5,50
南屯區,25,14,0,1,8,1,5,50
北屯區,25,14,0,1,8,1,5,50
北屯區,25,14,0,1,8,1,5,50
西屯區,25,14,0,2,8,1,5,50
霧峰區,25,14,0,2,8,1,5,50
南屯區,25,14,0,1,8,1,5,50
烏日區,25,14,0,1,8,1,5,50
外埔區,25,15,0,2,8,1,5,50
南屯區,25,15,0,2,8,1,5,50
北屯區,25,15,0,1,8,1,5,50
豐原區,25,15,0,3,8,1,5,50
大安區,25,15,0,1,8,1,5,30
北區,25,15,0,1,8,1,5,1
西屯區,25,15,0,1,8,1,5,50
烏日區,25,15,0,0,8,1,5,30
南區,25,16,0,0,8,1,5,50
西區,25,16,0,0,8,1,5,50
霧峰區,25,16,0,1,8,1,5,50
北區,25,16,0,1,8,1,5,40
霧峰區,25,16,0,1,8,1,5,50
南屯區,25,16,0,1,8,2,5,50
南屯區,25,16,0,1,8,1,5,50
沙鹿區,25,16,0,1,8,1,8,30
豐原區,25,16,0,2,8,1,5,50
清水區,25,17,0,1,8,1,5,50
北區,25,17,0,1,8,1,5,1
大雅區,25,17,0,1,8,1,5,50
太平區,25,17,0,2,8,1,5,50
南區,25,17,0,2,8,1,5,50
西屯區,25,17,0,2,8,1,5,50
西屯區,25,17,0,1,8,1,5,30
中區,25,17,0,1,8,2,5,50
東區,25,17,0,1,8,1,5,50
南區,25,17,0,1,8,1,5,50
沙鹿區,25,17,0,1,8,2,5,50
豐原區,25,17,0,3,8,1,5,50
后里區,25,17,0,2,8,1,5,60
大甲區,25,17,0,2,8,1,5,50
西區,25,17,0,1,8,2,5,40
北屯區,25,17,0,2,8,2,5,50
西屯區,25,17,0,2,8,1,5,50
北屯區,25,17,0,2,8,1,5,50
南屯區,25,17,0,1,8,2,5,40
南區,25,17,0,1,8,1,5,50
西區,25,17,0,1,8,1,5,50
烏日區,25,17,0,1,8,3,5,50
西區,25,18,0,1,8,3,5,50
大雅區,25,18,0,1,8,3,5,50
潭子區,25,18,0,1,8,3,5,60
潭子區,25,18,0,1,8,3,5,60
南屯區,25,18,0,1,8,3,5,50
西區,25,18,0,1,8,3,5,50
北屯區,25,18,0,3,8,3,5,50
中區,25,18,0,1,8,3,5,50
后里區,25,19,0,1,8,3,5,50
沙鹿區,25,19,0,1,8,3,5,50
大甲區,25,19,0,1,8,3,5,50
龍井區,25,19,0,1,8,3,5,50
大里區,25,19,0,1,8,3,5,30
西區,25,19,0,2,8,3,5,50
神岡區,25,19,0,1,8,3,5,50
大里區,25,20,0,2,8,3,5,50
北屯區,25,20,0,1,8,3,5,50
大甲區,25,20,0,1,8,3,5,50
北屯區,25,20,0,1,8,3,5,50
東區,25,20,0,3,7,3,5,40
南區,25,20,0,1,8,3,5,50
太平區,25,20,0,0,8,3,5,50
大甲區,25,20,0,0,8,3,5,50
后里區,25,20,0,1,8,3,5,50
大甲區,25,21,0,1,8,1,5,50
北屯區,25,21,0,1,8,3,5,50
潭子區,25,21,0,1,8,3,5,60
西屯區,25,21,0,2,8,3,5,50
西屯區,25,21,0,1,8,3,5,50
南區,25,22,0,1,8,3,5,50
南區,25,22,0,1,7,3,5,50
北區,25,22,0,2,8,3,5,50
南屯區,25,22,0,1,8,1,5,50
北區,25,23,0,1,8,3,5,50
豐原區,25,23,0,1,7,3,5,50
西屯區,25,23,0,2,8,1,5,50
沙鹿區,26,1,0,1,8,3,5,60
豐原區,26,5,0,1,8,2,5,30
東勢區,26,6,0,1,8,1,5,50
潭子區,26,7,0,1,8,1,5,50
南屯區,26,7,0,3,8,1,5,50
大甲區,26,7,0,2,8,1,5,50
東勢區,26,7,0,1,8,1,5,70
大雅區,26,7,0,1,8,1,5,50
北區,26,7,0,2,8,1,5,50
北屯區,26,7,0,3,8,1,5,50
清水區,26,7,0,2,8,2,5,50
大雅區,26,7,0,1,8,1,5,50
北區,26,7,0,1,8,1,5,50
北屯區,26,7,0,1,8,1,5,50
石岡區,26,7,0,1,8,1,5,50
大雅區,26,7,0,2,8,1,5,50
大里區,26,7,0,2,8,1,5,50
大雅區,26,7,0,2,8,1,5,50
潭子區,26,8,0,1,8,1,5,50
豐原區,26,8,0,2,8,1,5,50
西屯區,26,8,0,1,8,1,5,50
沙鹿區,26,8,0,1,8,1,5,40
西屯區,26,8,0,1,8,1,5,40
大雅區,26,8,0,1,8,1,5,40
北屯區,26,8,0,1,8,1,5,30
南屯區,26,8,0,1,8,1,5,50
東區,26,8,0,1,8,1,5,50
大雅區,26,8,0,1,8,1,5,50
沙鹿區,26,8,0,1,8,1,5,50
大里區,26,9,0,2,8,1,5,50
北區,26,9,0,1,8,1,5,50
北屯區,26,9,0,2,8,1,5,50
清水區,26,9,0,1,8,1,5,50
北區,26,10,0,1,8,1,5,50
大雅區,26,10,0,1,8,1,5,50
西屯區,26,10,0,1,8,1,5,50
北屯區,26,10,0,2,8,1,5,40
西區,26,10,0,2,8,1,5,50
西區,26,11,0,1,8,1,5,50
北屯區,26,11,0,1,8,1,5,50
西屯區,26,11,0,2,8,1,5,30
烏日區,26,11,0,1,8,1,5,50
西屯區,26,11,0,1,8,1,5,50
沙鹿區,26,12,0,1,8,1,5,50
南屯區,26,12,0,2,8,1,5,50
烏日區,26,12,0,1,8,1,5,40
潭子區,26,12,0,1,8,1,5,60
西屯區,26,13,0,1,8,1,5,50
大雅區,26,13,0,1,8,1,5,50
梧棲區,26,13,0,1,8,1,5,60
潭子區,26,13,0,1,8,1,5,30
沙鹿區,26,13,0,1,8,1,5,60
西區,26,13,0,2,8,1,5,50
清水區,26,14,0,2,8,1,8,50
西屯區,26,14,0,2,8,1,5,50
南屯區,26,14,0,1,8,1,5,50
北屯區,26,14,0,1,8,1,5,50
南屯區,26,14,0,1,8,1,5,50
西屯區,26,14,0,2,8,1,5,50
北屯區,26,14,0,1,8,1,5,50
龍井區,26,14,0,3,8,1,5,50
沙鹿區,26,14,0,1,8,1,5,50
大里區,26,15,0,2,8,1,5,50
霧峰區,26,15,0,1,8,1,5,50
南屯區,26,15,0,2,8,1,5,50
北區,26,15,0,1,8,1,5,50
西區,26,15,0,1,8,1,5,50
太平區,26,15,0,1,8,1,5,50
西屯區,26,15,0,1,8,1,5,40
南屯區,26,15,0,1,8,1,5,40
西區,26,16,0,1,8,1,5,50
北屯區,26,16,0,1,8,1,5,7
沙鹿區,26,16,0,1,8,1,5,50
北區,26,16,0,1,8,1,5,40
豐原區,26,16,0,1,8,1,5,50
大里區,26,16,0,1,8,1,5,50
太平區,26,16,0,0,8,1,5,30
南屯區,26,16,0,1,8,1,5,50
南屯區,26,16,0,2,8,1,5,50
梧棲區,26,17,0,1,8,1,5,50
西區,26,17,0,1,8,1,5,50
北區,26,17,0,1,8,1,5,50
烏日區,26,17,0,2,8,3,5,40
太平區,26,17,0,1,8,2,5,50
太平區,26,17,0,2,8,1,5,30
南區,26,17,0,1,8,1,5,50
太平區,26,17,0,1,8,1,5,50
西屯區,26,17,0,1,8,2,5,80
西屯區,26,17,0,1,8,1,5,40
西屯區,26,17,0,1,8,1,5,40
大甲區,26,17,0,1,8,1,5,50
大肚區,26,17,0,1,8,1,5,50
北屯區,26,17,0,1,8,3,5,50
大雅區,26,17,0,3,8,1,5,50
西區,26,17,0,1,8,2,5,40
太平區,26,18,0,1,8,2,5,50
南屯區,26,18,0,2,8,2,5,50
太平區,26,18,0,0,8,3,5,50
太平區,26,18,0,2,8,3,5,50
大雅區,26,18,0,1,8,1,5,50
豐原區,26,18,0,1,7,3,5,50
大里區,26,18,0,1,8,3,5,50
北區,26,18,0,1,8,1,5,50
南屯區,26,18,0,2,8,3,5,40
大雅區,26,18,0,2,8,1,5,50
西區,26,18,0,2,8,3,5,50
北區,26,19,0,2,8,3,5,50
南區,26,19,0,0,8,3,5,50
大甲區,26,19,0,1,8,3,5,50
西屯區,26,19,0,2,8,2,5,50
大里區,26,19,0,1,8,3,5,50
南區,26,19,0,2,8,3,5,50
南屯區,26,19,0,2,8,3,5,50
太平區,26,19,0,2,8,3,5,50
龍井區,26,19,0,1,8,3,5,50
北屯區,26,19,0,1,8,3,5,40
西屯區,26,20,0,3,8,3,5,50
西屯區,26,20,0,1,8,3,5,50
北區,26,20,0,3,8,3,5,50
南屯區,26,20,0,1,7,3,5,50
南區,26,20,0,2,8,3,5,50
西區,26,20,0,2,8,1,5,50
東區,26,20,0,1,8,3,5,50
南區,26,21,0,2,7,3,5,50
太平區,26,21,0,1,8,3,5,50
龍井區,26,21,0,1,8,3,5,40
神岡區,26,22,0,1,8,3,5,30
西區,26,22,0,1,8,3,5,40
南屯區,26,22,0,2,8,3,5,50
南屯區,26,23,0,1,8,3,5,50
沙鹿區,26,23,0,1,8,3,5,50
大里區,26,23,0,2,8,3,5,50
東區,26,23,0,1,8,3,5,50
后里區,27,0,0,1,8,3,5,50
南區,27,0,0,0,8,3,5,50
北屯區,27,1,0,1,8,3,5,50
西屯區,27,1,0,1,8,1,5,50
南屯區,27,1,0,2,8,3,5,50
南屯區,27,5,0,1,8,3,5,50
西區,27,6,0,1,8,1,5,50
太平區,27,7,0,1,8,1,5,50
大肚區,27,7,0,1,8,1,5,30
梧棲區,27,7,0,1,8,1,5,50
北屯區,27,7,0,1,8,1,5,80
西區,27,7,0,0,8,1,5,50
南屯區,27,7,0,1,8,1,5,50
西屯區,27,7,0,2,8,1,5,50
西區,27,8,0,1,8,1,5,50
烏日區,27,8,0,1,8,1,5,50
大雅區,27,8,0,1,8,1,5,50
潭子區,27,8,0,1,8,1,5,30
外埔區,27,8,0,1,8,1,5,30
南區,27,8,0,2,8,1,5,40
沙鹿區,27,8,0,1,8,1,5,40
南區,27,8,0,1,8,1,5,50
西屯區,27,8,0,1,8,1,5,50
龍井區,27,8,0,2,8,1,5,30
沙鹿區,27,8,0,2,8,1,5,70
后里區,27,8,0,0,8,1,5,50
南屯區,27,8,0,1,8,1,5,40
大里區,27,9,0,1,8,1,5,50
沙鹿區,27,9,0,2,8,1,5,40
西區,27,9,0,1,8,1,5,50
北區,27,9,0,2,8,1,5,50
東區,27,9,0,1,8,1,5,50
清水區,27,9,0,0,8,1,5,50
西屯區,27,9,0,1,8,1,5,50
南屯區,27,9,0,2,8,1,5,50
北屯區,27,9,0,1,8,1,5,50
清水區,27,9,0,0,8,1,5,50
大里區,27,9,0,1,8,1,5,50
東區,27,9,0,2,8,1,5,50
西區,27,10,0,3,8,1,5,50
南屯區,27,10,0,1,8,1,5,50
大雅區,27,10,0,2,8,1,5,30
北區,27,10,0,0,8,1,5,50
梧棲區,27,10,0,2,8,1,5,40
清水區,27,10,0,1,8,1,5,50
太平區,27,10,0,1,8,1,5,50
南區,27,11,0,2,8,1,5,50
西屯區,27,11,0,1,8,1,5,40
豐原區,27,11,0,1,8,1,5,50
大里區,27,11,0,2,8,1,5,50
大里區,27,11,0,1,8,1,5,50
南區,27,11,1,0,8,1,5,50
北屯區,27,11,0,1,8,1,5,50
清水區,27,11,0,1,8,1,5,70
大雅區,27,11,0,1,8,1,5,50
西屯區,27,11,0,1,8,1,5,40
沙鹿區,27,11,0,1,8,1,5,50
東區,27,12,0,1,8,1,5,50
南屯區,27,12,0,1,8,1,5,50
龍井區,27,12,0,1,8,1,5,50
龍井區,27,12,0,2,8,1,5,30
霧峰區,27,12,0,1,8,1,5,50
豐原區,27,12,0,2,8,1,5,50
北屯區,27,12,0,1,8,1,5,50
龍井區,27,12,0,1,8,1,5,30
豐原區,27,12,0,2,8,1,5,50
大里區,27,12,0,0,8,1,5,50
沙鹿區,27,13,0,1,8,1,5,50
北屯區,27,13,0,1,8,1,5,40
北屯區,27,13,0,1,8,1,5,30
太平區,27,13,0,1,8,1,5,40
豐原區,27,13,0,2,8,1,5,50
北區,27,13,0,1,8,1,5,50
東區,27,13,0,1,8,1,5,50
北區,27,13,0,0,8,1,5,50
沙鹿區,27,13,0,2,8,1,5,50
南屯區,27,13,0,1,8,1,5,50
梧棲區,27,13,0,1,8,1,5,50
霧峰區,27,13,0,1,8,1,5,50
北區,27,13,0,1,8,1,5,50
西屯區,27,14,0,2,8,1,5,30
北區,27,14,0,1,8,1,5,50
北屯區,27,14,0,1,8,1,5,50
西屯區,27,14,0,1,8,1,5,50
外埔區,27,14,0,1,8,1,5,40
大甲區,27,14,0,1,8,1,5,50
西屯區,27,14,0,1,8,1,5,50
東區,27,14,0,1,8,1,5,50
西屯區,27,14,0,1,8,1,5,35
龍井區,27,14,0,1,8,1,5,70
南屯區,27,14,0,1,8,1,5,50
大里區,27,14,0,1,8,1,5,40
東區,27,15,0,2,8,1,5,50
北屯區,27,15,0,1,8,1,5,50
北屯區,27,15,0,2,8,1,5,50
清水區,27,15,0,2,8,1,5,70
豐原區,27,15,0,1,8,1,5,50
豐原區,27,15,0,1,8,1,5,50
西區,27,16,0,1,8,1,5,50
南區,27,16,0,0,8,1,5,50
大雅區,27,16,0,1,8,1,5,30
北屯區,27,16,0,1,8,1,5,50
北屯區,27,16,0,1,8,1,5,50
北區,27,16,0,1,8,1,5,40
大里區,27,16,0,1,7,1,5,50
北屯區,27,16,0,1,8,1,5,50
西屯區,27,16,0,1,8,2,5,40
大雅區,27,17,0,1,8,1,5,50
南屯區,27,17,0,1,8,1,5,50
南屯區,27,17,0,1,8,1,5,50
豐原區,27,17,0,3,8,1,5,30
太平區,27,17,0,0,8,1,5,50
西屯區,27,17,0,1,8,1,5,50
東區,27,17,0,1,8,1,5,50
西屯區,27,17,0,1,8,2,5,50
北屯區,27,18,0,2,8,2,5,50
西屯區,27,18,0,1,8,1,5,50
大雅區,27,18,0,4,8,2,5,50
西屯區,27,18,0,1,8,2,5,50
大甲區,27,18,0,1,8,2,5,50
太平區,27,18,0,1,8,3,5,50
北屯區,27,18,0,2,8,3,5,50
大甲區,27,18,0,1,8,3,5,50
大甲區,27,18,0,0,8,3,6,50
梧棲區,27,19,0,1,8,3,5,70
太平區,27,19,0,1,8,3,5,50
西屯區,27,19,0,1,8,4,5,30
中區,27,19,0,2,8,3,5,50
豐原區,27,19,0,2,8,3,5,50
大雅區,27,19,0,2,8,4,5,50
大甲區,27,19,0,1,8,3,5,50
梧棲區,27,19,0,1,8,3,5,50
沙鹿區,27,19,0,1,8,3,5,60
西屯區,27,19,0,1,8,3,5,50
南區,27,20,0,0,8,3,5,50
北區,27,20,0,1,8,3,5,50
沙鹿區,27,20,0,2,8,3,5,50
南區,27,20,0,1,8,3,5,50
大雅區,27,20,0,1,8,1,5,50
西區,27,20,0,2,8,3,5,50
大雅區,27,20,0,1,8,3,5,40
梧棲區,27,20,0,1,8,3,5,30
西屯區,27,21,0,2,8,3,5,50
梧棲區,27,21,0,1,8,3,5,50
烏日區,27,21,0,3,8,3,5,50
西屯區,27,21,0,1,8,4,5,50
豐原區,27,22,0,2,8,1,5,50
西屯區,27,22,0,1,8,3,5,50
沙鹿區,27,22,0,1,8,3,5,50
潭子區,27,23,0,2,8,3,5,50
大雅區,27,23,0,1,8,4,5,50
西區,28,0,0,1,8,3,5,50
西屯區,28,0,0,1,7,3,5,50
豐原區,28,0,0,3,8,3,5,30
清水區,28,5,0,2,8,3,5,50
大甲區,28,6,0,3,8,1,5,50
中區,28,7,0,2,8,1,5,50
大里區,28,7,0,1,8,1,5,60
大雅區,28,7,0,1,8,1,5,50
東勢區,28,8,0,0,8,1,5,50
大甲區,28,8,0,1,8,1,5,50
南屯區,28,9,0,2,8,1,5,50
西區,28,9,0,1,8,1,5,40
大里區,28,9,0,2,8,1,5,50
大雅區,28,9,0,2,8,1,5,50
大甲區,28,9,0,1,8,1,5,60
石岡區,28,9,0,1,8,1,5,50
后里區,28,9,0,0,8,1,5,30
西屯區,28,9,0,2,8,1,5,50
神岡區,28,10,0,1,8,1,5,50
太平區,28,10,0,1,8,1,5,50
豐原區,28,10,0,1,8,1,5,50
南屯區,28,10,0,1,8,1,5,50
大甲區,28,10,0,1,8,1,5,50
清水區,28,10,0,1,8,1,5,50
太平區,28,11,0,1,8,1,5,50
大里區,28,11,0,2,8,1,5,50
大里區,28,11,0,1,8,1,5,50
大里區,28,11,0,1,8,1,5,30
東區,28,11,0,1,8,1,5,50
太平區,28,11,0,1,8,1,5,50
西屯區,28,11,0,1,8,1,5,50
后里區,28,11,0,1,8,1,5,50
龍井區,28,12,0,1,8,1,5,50
西區,28,12,0,1,8,1,5,50
霧峰區,28,12,0,1,8,1,5,50
西區,28,12,0,1,8,1,5,50
東區,28,12,0,1,8,1,5,50
清水區,28,12,0,1,8,1,5,30
北屯區,28,12,0,1,8,1,5,50
東區,28,13,0,3,8,1,5,30
南區,28,13,0,1,8,1,5,5
潭子區,28,13,0,2,8,1,5,60
西區,28,13,0,1,8,1,5,50
南屯區,28,13,0,1,8,1,5,50
北區,28,13,0,1,8,1,5,50
南屯區,28,13,0,2,8,1,5,50
北區,28,14,0,1,8,1,5,50
大雅區,28,14,0,1,8,1,5,50
南屯區,28,14,0,1,8,1,5,50
清水區,28,14,0,3,8,1,5,30
潭子區,28,14,0,1,8,1,5,40
西區,28,14,0,1,8,1,5,50
東勢區,28,15,0,1,8,1,5,60
豐原區,28,15,0,2,8,1,5,50
清水區,28,15,0,1,8,1,5,50
北屯區,28,15,0,1,8,1,5,60
霧峰區,28,15,0,1,8,1,5,30
南屯區,28,15,0,1,8,1,5,50
清水區,28,15,0,2,8,1,5,50
南屯區,28,15,0,3,8,1,5,50
大甲區,28,15,0,1,8,1,5,50
南屯區,28,15,0,1,8,1,5,50
大甲區,28,16,0,1,8,1,5,50
北屯區,28,16,0,2,8,1,5,50
北區,28,16,0,1,8,1,5,50
大里區,28,16,0,1,8,1,5,50
南屯區,28,16,0,2,8,1,5,50
南屯區,28,16,0,1,8,1,5,40
霧峰區,28,16,0,1,8,1,5,50
后里區,28,16,0,0,8,1,5,50
沙鹿區,28,17,0,2,8,1,5,50
外埔區,28,17,0,0,8,1,5,50
霧峰區,28,18,0,2,8,3,5,40
東區,28,18,0,1,7,3,5,50
中區,28,18,0,2,8,3,5,50
北屯區,28,18,0,2,8,3,5,50
北屯區,28,18,0,1,8,3,5,50
霧峰區,28,19,0,3,8,3,5,50
西區,28,19,0,1,8,3,5,50
大里區,28,19,0,0,8,3,5,50
大雅區,28,19,0,1,8,4,5,60
西區,28,19,0,1,8,3,5,50
北屯區,28,20,0,2,8,1,5,50
大雅區,28,20,0,1,8,4,5,40
豐原區,28,20,0,1,8,3,5,50
清水區,28,20,0,0,8,3,5,30
龍井區,28,20,0,2,8,3,5,30
北屯區,28,21,0,1,8,3,5,50
西區,28,22,0,1,8,3,5,50
北屯區,28,22,0,2,8,3,5,50
南區,28,22,0,0,8,3,5,50
大里區,28,22,0,1,8,3,5,50
北區,28,22,0,2,8,3,5,50
西屯區,28,23,0,2,8,3,5,50
北區,28,23,0,1,8,3,5,50
清水區,28,23,0,0,8,3,5,50
北屯區,29,1,0,2,8,3,5,50
南屯區,29,2,0,1,8,3,5,50
西屯區,29,3,0,1,8,3,5,50
東區,29,3,0,0,8,3,5,50
南屯區,29,6,0,3,8,2,5,40
潭子區,29,6,0,2,8,2,5,40
梧棲區,29,7,0,1,8,1,5,50
太平區,29,7,0,2,8,1,5,50
北屯區,29,7,0,1,8,1,5,50
龍井區,29,7,0,2,8,1,5,40
西屯區,29,7,0,1,8,1,5,60
北屯區,29,7,0,3,8,1,5,50
龍井區,29,7,0,1,8,1,5,50
大雅區,29,7,0,1,8,1,5,40
北屯區,29,7,0,1,8,1,5,50
沙鹿區,29,7,0,1,8,1,5,50
潭子區,29,7,0,1,8,1,5,50
北區,29,7,0,1,8,1,5,50
太平區,29,7,0,1,8,1,5,50
潭子區,29,8,0,1,8,1,5,50
西屯區,29,8,0,2,8,1,5,40
西屯區,29,8,0,2,8,1,5,50
東區,29,8,0,2,8,1,5,50
西屯區,29,8,0,1,8,1,5,50
神岡區,29,8,0,1,8,1,5,30
北屯區,29,8,0,1,8,1,5,50
大肚區,29,8,0,1,8,1,5,50
北區,29,9,0,1,8,1,5,50
清水區,29,9,0,0,8,1,5,40
潭子區,29,9,0,1,8,1,5,50
龍井區,29,9,0,1,8,1,5,30
潭子區,29,9,0,1,8,1,5,50
西屯區,29,9,0,1,8,1,5,40
大里區,29,9,0,1,8,1,5,50
外埔區,29,10,0,0,8,1,5,30
后里區,29,10,0,2,8,1,5,40
太平區,29,10,0,2,8,1,5,50
北區,29,10,0,2,8,1,5,50
西區,29,10,0,1,8,1,5,50
大雅區,29,10,0,1,8,1,5,50
豐原區,29,10,0,1,8,1,5,60
新社區,29,10,1,0,8,1,5,40
大雅區,29,11,0,1,8,1,5,50
大里區,29,11,0,1,8,1,5,50
大里區,29,11,0,1,8,1,5,50
清水區,29,11,0,1,8,1,5,30
霧峰區,29,11,0,0,8,1,5,50
北屯區,29,11,0,1,8,1,5,50
西區,29,12,0,1,8,1,5,40
西屯區,29,12,0,1,8,1,5,50
南屯區,29,12,0,1,8,1,5,50
梧棲區,29,12,0,1,8,1,5,30
西屯區,29,12,0,1,8,1,5,50
神岡區,29,12,0,2,8,1,5,50
西屯區,29,12,0,1,8,1,5,50
沙鹿區,29,12,0,1,8,1,5,40
南屯區,29,12,0,1,8,1,5,50
西屯區,29,13,0,1,8,1,5,50
西屯區,29,13,0,1,8,1,5,50
西區,29,13,0,1,8,1,5,50
北屯區,29,14,0,1,8,1,5,50
清水區,29,14,0,1,8,1,5,30
南屯區,29,14,0,1,8,1,5,50
大甲區,29,14,0,3,8,1,5,50
太平區,29,14,0,0,8,1,5,50
西屯區,29,14,0,1,8,1,5,40
大里區,29,14,0,1,8,1,5,60
太平區,29,14,0,1,8,1,5,50
大甲區,29,15,0,1,8,1,5,30
西屯區,29,15,0,2,8,1,5,30
豐原區,29,15,0,1,8,1,5,30
太平區,29,15,0,1,8,1,5,50
后里區,29,15,0,1,8,1,5,50
大里區,29,15,0,1,8,1,5,30
西屯區,29,15,0,2,8,2,5,50
潭子區,29,16,0,1,8,1,5,30
潭子區,29,16,0,1,8,1,5,60
大肚區,29,16,0,0,8,1,5,50
南屯區,29,16,0,1,8,1,5,50
西屯區,29,16,0,1,8,1,5,50
沙鹿區,29,16,0,1,8,1,5,30
梧棲區,29,16,0,2,8,1,5,50
大里區,29,16,0,1,8,1,5,50
大雅區,29,16,0,1,8,1,5,50
清水區,29,16,0,2,8,1,5,50
東勢區,29,16,0,2,8,1,5,30
大甲區,29,16,0,2,8,1,5,50
西區,29,16,0,1,8,1,5,50
大雅區,29,17,0,1,8,1,5,50
西區,29,17,0,2,8,1,5,50
北區,29,17,0,1,8,1,5,50
霧峰區,29,17,0,1,8,1,5,50
西屯區,29,17,0,1,8,2,5,50
豐原區,29,17,0,1,8,1,5,50
西屯區,29,17,0,2,8,1,5,50
南屯區,29,17,0,1,8,1,5,30
北屯區,29,17,0,2,8,2,5,50
大里區,29,17,0,1,8,1,5,50
外埔區,29,17,0,0,8,2,5,30
南屯區,29,17,0,2,8,2,5,40
東區,29,17,0,1,8,2,5,50
后里區,29,17,0,0,8,1,5,50
梧棲區,29,17,0,1,8,1,5,50
北屯區,29,17,0,1,8,2,5,30
神岡區,29,18,0,1,8,1,5,50
北屯區,29,18,0,0,8,3,5,50
霧峰區,29,18,0,1,8,2,5,50
大雅區,29,18,0,1,8,3,5,50
大甲區,29,18,0,2,8,3,5,50
豐原區,29,18,0,2,8,3,5,50
豐原區,29,18,0,1,8,3,5,50
沙鹿區,29,19,0,3,8,3,5,50
西屯區,29,19,0,1,8,3,5,50
神岡區,29,21,1,0,7,3,5,30
南屯區,29,21,0,1,8,1,5,40
神岡區,29,21,0,3,7,3,5,50
西屯區,29,21,0,2,8,1,5,50
西區,29,21,0,1,8,3,5,50
沙鹿區,29,22,0,1,8,3,5,50
后里區,29,23,0,3,8,3,5,50
東區,29,23,0,1,8,3,5,50
南區,30,0,0,2,8,3,5,50
南屯區,30,1,0,1,8,3,5,50
北區,30,6,0,1,8,1,5,50
太平區,30,6,0,1,8,1,5,50
太平區,30,6,0,1,8,1,5,30
霧峰區,30,7,0,1,8,1,5,30
西屯區,30,7,0,1,8,1,5,1
南區,30,7,0,3,8,1,5,30
清水區,30,7,0,0,8,1,5,50
大里區,30,7,0,1,8,1,8,40
太平區,30,7,0,1,8,1,5,50
大甲區,30,7,0,1,8,1,5,50
北屯區,30,7,0,1,8,1,5,50
北屯區,30,7,0,1,8,1,5,50
太平區,30,8,0,1,8,1,5,50
西屯區,30,8,0,1,8,1,5,40
北區,30,8,0,2,8,1,5,50
中區,30,8,0,2,8,1,5,50
后里區,30,8,0,0,8,1,5,30
北區,30,8,0,1,8,1,5,50
西屯區,30,8,0,1,8,1,5,50
后里區,30,8,0,2,8,1,5,50
大里區,30,9,0,1,8,1,5,50
太平區,30,9,0,1,8,1,5,50
烏日區,30,9,0,1,8,1,5,30
北區,30,9,0,2,8,1,5,50
大里區,30,9,0,2,8,1,5,50
西屯區,30,9,0,1,8,1,5,40
大甲區,30,9,0,1,8,1,5,50
西屯區,30,9,0,2,8,1,5,50
太平區,30,9,0,2,7,1,5,50
太平區,30,9,0,0,8,1,5,50
西區,30,10,0,1,8,1,5,50
西屯區,30,10,0,1,8,1,5,50
大里區,30,10,0,1,8,1,5,50
清水區,30,10,0,0,8,1,5,40
南屯區,30,11,0,2,8,1,5,50
烏日區,30,11,0,2,8,1,5,60
大里區,30,11,0,2,8,1,5,50
神岡區,30,11,0,2,8,1,5,50
豐原區,30,11,0,1,8,1,5,50
西區,30,11,0,2,8,1,5,50
沙鹿區,30,11,0,1,8,1,5,50
神岡區,30,12,0,2,8,1,5,50
西區,30,12,0,1,8,1,5,40
南區,30,12,0,1,8,1,5,50
南屯區,30,12,0,1,8,1,5,30
西屯區,30,12,0,1,8,1,5,50
西區,30,13,0,1,8,1,5,50
霧峰區,30,13,0,2,8,1,5,50
梧棲區,30,13,0,1,8,1,5,50
西屯區,30,13,0,1,8,1,5,50
西屯區,30,13,0,1,8,1,5,40
豐原區,30,13,0,1,8,1,5,50
梧棲區,30,14,0,1,8,1,5,40
南屯區,30,14,0,1,8,1,5,50
潭子區,30,14,0,2,8,1,5,50
霧峰區,30,14,0,1,8,1,5,70
大肚區,30,14,0,1,8,1,5,30
北屯區,30,14,0,1,8,1,5,50
龍井區,30,14,0,1,7,1,5,30
南屯區,30,15,0,1,8,1,5,50
沙鹿區,30,15,0,1,8,1,5,50
大甲區,30,15,0,0,8,1,3,50
大安區,30,15,0,1,8,1,5,50
沙鹿區,30,16,0,1,8,1,5,50
沙鹿區,30,16,0,1,8,1,5,50
清水區,30,16,0,1,8,1,5,30
西屯區,30,16,0,1,8,1,5,50
西區,30,16,0,1,8,1,5,50
大肚區,30,16,0,1,8,1,5,50
梧棲區,30,16,0,1,8,1,5,50
南區,30,17,0,1,8,1,5,40
清水區,30,17,0,1,8,1,5,60
東區,30,17,0,1,8,1,5,50
西屯區,30,17,0,1,8,1,5,40
梧棲區,30,17,0,2,8,1,5,30
后里區,30,17,0,0,8,1,5,50
太平區,30,17,0,1,8,1,5,30
大甲區,30,17,0,1,8,1,5,50
南屯區,30,17,0,1,8,1,5,30
西屯區,30,17,0,1,8,1,5,50
北屯區,30,17,0,1,8,3,5,50
大甲區,30,17,0,2,8,2,5,50
南區,30,17,0,1,8,1,5,50
北區,30,18,0,1,8,1,5,50
大里區,30,18,0,2,8,3,5,50
龍井區,30,18,0,2,8,2,5,70
北區,30,18,0,1,8,2,5,50
東區,30,18,0,1,8,3,5,50
大甲區,30,18,0,1,8,1,5,70
北區,30,18,0,2,8,3,5,50
西屯區,30,18,0,1,8,1,5,50
豐原區,30,18,0,1,8,3,5,50
西屯區,30,18,0,3,8,3,5,40
梧棲區,30,19,0,1,8,3,5,60
豐原區,30,19,0,1,7,3,5,50
龍井區,30,19,0,1,8,1,5,50
大雅區,30,19,0,1,8,3,5,30
西屯區,30,19,0,3,8,1,5,40
大里區,30,20,0,1,8,3,5,60
南屯區,30,20,0,2,8,3,5,50
東區,30,20,0,1,8,3,5,50
烏日區,30,20,0,1,8,3,5,40
清水區,30,21,0,1,7,3,5,50
沙鹿區,30,21,0,2,7,3,5,50
北區,30,21,0,1,8,3,5,50
北屯區,30,21,0,2,8,3,5,50
南屯區,30,22,0,0,8,3,5,50
西區,30,22,0,1,8,3,5,50
中區,30,22,0,1,8,3,5,50
西區,30,22,0,1,8,3,5,50
沙鹿區,30,23,0,1,8,3,5,50
大雅區,30,23,0,2,8,3,5,50
南屯區,31,0,0,1,8,3,5,30
太平區,31,2,0,1,8,3,5,50
新社區,31,5,0,2,8,1,5,30
潭子區,31,6,0,2,8,1,5,30
大雅區,31,6,0,2,8,2,5,50
神岡區,31,6,0,2,8,1,5,50
北屯區,31,6,0,2,8,1,5,50
南屯區,31,6,0,0,8,1,5,40
太平區,31,6,0,1,8,1,5,40
太平區,31,7,0,2,8,1,5,50
北屯區,31,7,0,1,8,1,5,50
新社區,31,7,0,1,8,1,5,50
南屯區,31,7,0,1,8,1,5,40
西屯區,31,7,0,1,8,1,5,40
西屯區,31,7,0,2,8,1,5,40
新社區,31,7,0,1,8,1,5,50
南屯區,31,7,0,2,8,1,5,50
梧棲區,31,7,0,1,8,4,8,40
大里區,31,7,0,1,8,1,5,50
北區,31,7,0,1,8,1,5,50
神岡區,31,7,0,2,8,1,5,40
大里區,31,8,0,1,8,1,5,50
霧峰區,31,8,0,2,8,1,5,50
南區,31,8,0,1,8,1,5,50
霧峰區,31,8,0,1,8,1,5,50
北屯區,31,8,0,1,8,1,5,50
大安區,31,8,0,1,8,1,5,50
西區,31,8,0,1,8,1,5,50
北屯區,31,8,0,1,8,1,5,50
西屯區,31,8,0,1,8,1,5,50
清水區,31,9,0,1,8,1,5,50
西屯區,31,9,0,1,8,1,5,40
西區,31,9,0,1,8,1,5,50
西屯區,31,9,0,1,8,1,5,40
后里區,31,9,0,1,8,1,5,50
西區,31,9,0,1,8,1,5,50
西屯區,31,9,0,1,8,1,5,50
西區,31,10,0,1,8,1,5,50
東區,31,10,0,1,8,1,5,50
霧峰區,31,10,0,1,8,1,7,40
神岡區,31,10,0,1,8,1,5,40
南屯區,31,10,1,0,8,1,5,50
潭子區,31,10,0,3,8,1,5,30
潭子區,31,11,0,2,8,1,5,50
神岡區,31,11,0,1,8,1,5,60
清水區,31,11,0,1,8,1,5,40
潭子區,31,11,0,3,8,1,5,40
大雅區,31,12,0,2,8,1,5,50
太平區,31,12,0,2,8,1,5,50
南屯區,31,12,0,2,8,1,5,50
南區,31,12,0,2,8,1,5,50
太平區,31,12,0,1,8,1,5,30
大里區,31,12,0,1,8,1,5,50
豐原區,31,12,0,2,8,1,5,50
太平區,31,12,0,1,8,1,5,50
西屯區,31,12,0,1,8,1,5,50
潭子區,31,12,0,1,8,1,5,50
大雅區,31,12,0,2,8,1,5,50
西屯區,31,13,0,1,8,1,5,50
龍井區,31,13,0,1,8,1,5,30
北屯區,31,13,0,1,8,1,5,50
潭子區,31,13,0,1,8,1,5,50
北屯區,31,13,0,1,8,1,5,50
石岡區,31,13,0,1,8,1,5,50
太平區,31,13,0,1,8,1,5,50
清水區,31,14,0,0,8,1,5,50
大雅區,31,14,0,2,8,1,5,50
西屯區,31,14,0,1,8,1,5,50
東區,31,14,0,2,8,1,5,50
大里區,31,14,0,1,8,1,5,50
大雅區,31,14,0,1,8,1,5,50
霧峰區,31,14,0,1,8,1,5,40
霧峰區,31,14,0,2,8,1,5,50
大雅區,31,14,0,2,8,1,5,50
南區,31,14,0,2,8,1,5,50
西屯區,31,15,0,1,8,2,5,50
清水區,31,15,0,1,8,1,5,40
太平區,31,15,0,0,8,1,5,50
沙鹿區,31,15,0,1,8,1,5,50
南區,31,15,0,0,8,1,5,50
南區,31,15,0,2,8,1,5,50
后里區,31,15,0,2,8,1,5,50
西區,31,15,0,3,8,1,5,40
西屯區,31,16,0,1,8,1,5,30
東區,31,16,0,1,8,1,5,50
東區,31,16,0,0,8,1,5,40
和平區,31,16,0,1,8,1,5,1
南屯區,31,16,0,1,8,1,5,40
南屯區,31,16,0,1,8,1,5,40
西區,31,16,0,1,8,1,5,50
南區,31,17,0,1,8,1,5,50
南區,31,17,0,1,8,1,5,50
北區,31,17,0,2,8,1,5,50
烏日區,31,17,0,1,8,1,5,70
梧棲區,31,17,0,1,8,1,5,50
南屯區,31,17,0,1,8,2,5,50
南屯區,31,17,0,1,8,3,5,50
后里區,31,17,0,1,8,1,5,50
北屯區,31,17,0,1,8,1,5,50
潭子區,31,17,0,1,8,2,5,50
大雅區,31,17,0,2,8,1,5,30
南屯區,31,17,0,1,8,1,5,50
大里區,31,17,0,1,8,3,5,50
大雅區,31,17,0,1,8,1,5,50
清水區,31,17,0,0,8,1,5,30
西屯區,31,17,0,1,8,1,5,50
龍井區,31,17,0,1,8,1,5,50
東區,31,17,0,0,8,3,5,40
潭子區,31,18,0,1,8,3,5,30
南屯區,31,18,0,2,8,2,5,50
南區,31,18,0,1,8,3,5,50
南屯區,31,18,0,1,8,3,5,50
太平區,31,18,0,1,8,3,5,50
西區,31,18,0,3,8,3,5,50
北屯區,31,18,0,1,8,3,5,50
大雅區,31,18,0,2,8,3,5,50
潭子區,31,18,0,1,8,3,5,50
大里區,31,18,0,1,8,3,5,50
西區,31,18,0,1,8,3,5,40
西屯區,31,18,0,1,8,3,5,40
東區,31,18,0,1,8,3,5,50
西區,31,18,0,1,8,3,5,50
大里區,31,18,0,1,8,1,5,50
大里區,31,19,0,1,8,3,5,50
太平區,31,19,0,1,8,3,5,50
西屯區,31,19,0,2,8,3,5,30
北屯區,31,19,0,1,8,4,5,50
北區,31,19,0,2,8,3,5,50
南屯區,31,20,0,1,8,3,5,50
南屯區,31,20,0,2,8,3,5,50
南屯區,31,20,0,1,8,3,5,40
南屯區,31,20,0,1,8,3,5,50
西屯區,31,21,0,1,8,3,5,50
西區,31,21,0,4,8,3,5,50
西區,31,22,0,1,8,3,5,50
潭子區,31,22,0,1,8,3,8,80
北屯區,31,23,0,1,8,3,5,50
沙鹿區,31,23,0,1,8,3,5,60
